caption_id,image_id,caption,image_path,url
0,10717,"A traditional wooden kitchen with a black water boiler, a black oven, a plant and a window.",training/k/kitchen/ADE_train_00010717.jpg,https://jarvis.ling.uni-potsdam.de/clp-pmvss21-1/jupyter/user/alatif/view/data/ImageCorpora/ADE20K_2016_07_26/images/training/k/kitchen/ADE_train_00010717.jpg
1,32,"A well-lit bathroom with a nice sea view, with wooden furniture and a white bathtub.",training/b/bathroom/ADE_train_00000032.jpg,https://jarvis.ling.uni-potsdam.de/clp-pmvss21-1/jupyter/user/alatif/view/data/ImageCorpora/ADE20K_2016_07_26/images/training/b/bathroom/ADE_train_00000032.jpg
2,5510,"A children bedroom with a bed, a white alarm clock and a lamp with metallic color.",training/c/childs_room/ADE_train_00005510.jpg,https://jarvis.ling.uni-potsdam.de/clp-pmvss21-1/jupyter/user/alatif/view/data/ImageCorpora/ADE20K_2016_07_26/images/training/c/childs_room/ADE_train_00005510.jpg
3,10719,A well-equipped white kitchen with a quadratic wooden table with 3 stools under a  luster.,training/k/kitchen/ADE_train_00010719.jpg,https://jarvis.ling.uni-potsdam.de/clp-pmvss21-1/jupyter/user/alatif/view/data/ImageCorpora/ADE20K_2016_07_26/images/training/k/kitchen/ADE_train_00010719.jpg
4,634,"A large kitchen with a window, equipped with a gas stove and a metal sink.",training/k/kitchen/ADE_train_00000634.jpg,https://jarvis.ling.uni-potsdam.de/clp-pmvss21-1/jupyter/user/alatif/view/data/ImageCorpora/ADE20K_2016_07_26/images/training/k/kitchen/ADE_train_00000634.jpg
5,11301,"A large living-room with a chimney, 3 paintings and walls painted in yellow.",training/l/living_room/ADE_train_00011301.jpg,https://jarvis.ling.uni-potsdam.de/clp-pmvss21-1/jupyter/user/alatif/view/data/ImageCorpora/ADE20K_2016_07_26/images/training/l/living_room/ADE_train_00011301.jpg
6,4218,This is a clean hotel bedroom with a blue carpeted floor and a couch of the same color.,training/b/bedroom/ADE_train_00004218.jpg,https://jarvis.ling.uni-potsdam.de/clp-pmvss21-1/jupyter/user/alatif/view/data/ImageCorpora/ADE20K_2016_07_26/images/training/b/bedroom/ADE_train_00004218.jpg
7,10754,,training/k/kitchenette/ADE_train_00010754.jpg,https://jarvis.ling.uni-potsdam.de/clp-pmvss21-1/jupyter/user/alatif/view/data/ImageCorpora/ADE20K_2016_07_26/images/training/k/kitchenette/ADE_train_00010754.jpg
8,14981,,training/p/pantry/ADE_train_00014981.jpg,https://jarvis.ling.uni-potsdam.de/clp-pmvss21-1/jupyter/user/alatif/view/data/ImageCorpora/ADE20K_2016_07_26/images/training/p/pantry/ADE_train_00014981.jpg
9,1913,,training/a/attic/ADE_train_00001913.jpg,https://jarvis.ling.uni-potsdam.de/clp-pmvss21-1/jupyter/user/alatif/view/data/ImageCorpora/ADE20K_2016_07_26/images/training/a/attic/ADE_train_00001913.jpg
10,101485,,validation/k/kitchen/ADE_val_00001485.jpg,https://jarvis.ling.uni-potsdam.de/clp-pmvss21-1/jupyter/user/alatif/view/data/ImageCorpora/ADE20K_2016_07_26/images/validation/k/kitchen/ADE_val_00001485.jpg
11,9,,training/b/bathroom/ADE_train_00000009.jpg,https://jarvis.ling.uni-potsdam.de/clp-pmvss21-1/jupyter/user/alatif/view/data/ImageCorpora/ADE20K_2016_07_26/images/training/b/bathroom/ADE_train_00000009.jpg
12,8394,,training/g/game_room/ADE_train_00008394.jpg,https://jarvis.ling.uni-potsdam.de/clp-pmvss21-1/jupyter/user/alatif/view/data/ImageCorpora/ADE20K_2016_07_26/images/training/g/game_room/ADE_train_00008394.jpg
13,2711,,training/b/bathroom/ADE_train_00002711.jpg,https://jarvis.ling.uni-potsdam.de/clp-pmvss21-1/jupyter/user/alatif/view/data/ImageCorpora/ADE20K_2016_07_26/images/training/b/bathroom/ADE_train_00002711.jpg
14,5707,,training/c/closet/ADE_train_00005707.jpg,https://jarvis.ling.uni-potsdam.de/clp-pmvss21-1/jupyter/user/alatif/view/data/ImageCorpora/ADE20K_2016_07_26/images/training/c/closet/ADE_train_00005707.jpg
15,2629,,training/b/bathroom/ADE_train_00002629.jpg,https://jarvis.ling.uni-potsdam.de/clp-pmvss21-1/jupyter/user/alatif/view/data/ImageCorpora/ADE20K_2016_07_26/images/training/b/bathroom/ADE_train_00002629.jpg
16,2887,,training/b/bathroom/ADE_train_00002887.jpg,https://jarvis.ling.uni-potsdam.de/clp-pmvss21-1/jupyter/user/alatif/view/data/ImageCorpora/ADE20K_2016_07_26/images/training/b/bathroom/ADE_train_00002887.jpg
17,4456,,training/b/bow_window/indoor/ADE_train_00004456.jpg,https://jarvis.ling.uni-potsdam.de/clp-pmvss21-1/jupyter/user/alatif/view/data/ImageCorpora/ADE20K_2016_07_26/images/training/b/bow_window/indoor/ADE_train_00004456.jpg
18,101306,,validation/d/dining_room/ADE_val_00001306.jpg,https://jarvis.ling.uni-potsdam.de/clp-pmvss21-1/jupyter/user/alatif/view/data/ImageCorpora/ADE20K_2016_07_26/images/validation/d/dining_room/ADE_val_00001306.jpg
19,11397,,training/l/living_room/ADE_train_00011397.jpg,https://jarvis.ling.uni-potsdam.de/clp-pmvss21-1/jupyter/user/alatif/view/data/ImageCorpora/ADE20K_2016_07_26/images/training/l/living_room/ADE_train_00011397.jpg
20,7115,,training/d/dining_room/ADE_train_00007115.jpg,https://jarvis.ling.uni-potsdam.de/clp-pmvss21-1/jupyter/user/alatif/view/data/ImageCorpora/ADE20K_2016_07_26/images/training/d/dining_room/ADE_train_00007115.jpg
21,901,,training/l/living_room/ADE_train_00000901.jpg,https://jarvis.ling.uni-potsdam.de/clp-pmvss21-1/jupyter/user/alatif/view/data/ImageCorpora/ADE20K_2016_07_26/images/training/l/living_room/ADE_train_00000901.jpg
22,9576,,training/h/hotel_room/ADE_train_00009576.jpg,https://jarvis.ling.uni-potsdam.de/clp-pmvss21-1/jupyter/user/alatif/view/data/ImageCorpora/ADE20K_2016_07_26/images/training/h/hotel_room/ADE_train_00009576.jpg
23,11192,,training/l/living_room/ADE_train_00011192.jpg,https://jarvis.ling.uni-potsdam.de/clp-pmvss21-1/jupyter/user/alatif/view/data/ImageCorpora/ADE20K_2016_07_26/images/training/l/living_room/ADE_train_00011192.jpg
24,11199,,training/l/living_room/ADE_train_00011199.jpg,https://jarvis.ling.uni-potsdam.de/clp-pmvss21-1/jupyter/user/alatif/view/data/ImageCorpora/ADE20K_2016_07_26/images/training/l/living_room/ADE_train_00011199.jpg
25,4178,,training/b/bedroom/ADE_train_00004178.jpg,https://jarvis.ling.uni-potsdam.de/clp-pmvss21-1/jupyter/user/alatif/view/data/ImageCorpora/ADE20K_2016_07_26/images/training/b/bedroom/ADE_train_00004178.jpg
26,352,,training/b/bedroom/ADE_train_00000352.jpg,https://jarvis.ling.uni-potsdam.de/clp-pmvss21-1/jupyter/user/alatif/view/data/ImageCorpora/ADE20K_2016_07_26/images/training/b/bedroom/ADE_train_00000352.jpg
27,10305,,training/k/kitchen/ADE_train_00010305.jpg,https://jarvis.ling.uni-potsdam.de/clp-pmvss21-1/jupyter/user/alatif/view/data/ImageCorpora/ADE20K_2016_07_26/images/training/k/kitchen/ADE_train_00010305.jpg
28,8444,,training/g/garage/indoor/ADE_train_00008444.jpg,https://jarvis.ling.uni-potsdam.de/clp-pmvss21-1/jupyter/user/alatif/view/data/ImageCorpora/ADE20K_2016_07_26/images/training/g/garage/indoor/ADE_train_00008444.jpg
29,15191,,training/p/parlor/ADE_train_00015191.jpg,https://jarvis.ling.uni-potsdam.de/clp-pmvss21-1/jupyter/user/alatif/view/data/ImageCorpora/ADE20K_2016_07_26/images/training/p/parlor/ADE_train_00015191.jpg
30,896,,training/l/living_room/ADE_train_00000896.jpg,https://jarvis.ling.uni-potsdam.de/clp-pmvss21-1/jupyter/user/alatif/view/data/ImageCorpora/ADE20K_2016_07_26/images/training/l/living_room/ADE_train_00000896.jpg
31,16825,,training/s/staircase/ADE_train_00016825.jpg,https://jarvis.ling.uni-potsdam.de/clp-pmvss21-1/jupyter/user/alatif/view/data/ImageCorpora/ADE20K_2016_07_26/images/training/s/staircase/ADE_train_00016825.jpg
32,460,,training/b/bedroom/ADE_train_00000460.jpg,https://jarvis.ling.uni-potsdam.de/clp-pmvss21-1/jupyter/user/alatif/view/data/ImageCorpora/ADE20K_2016_07_26/images/training/b/bedroom/ADE_train_00000460.jpg
33,2657,,training/b/bathroom/ADE_train_00002657.jpg,https://jarvis.ling.uni-potsdam.de/clp-pmvss21-1/jupyter/user/alatif/view/data/ImageCorpora/ADE20K_2016_07_26/images/training/b/bathroom/ADE_train_00002657.jpg
34,1927,,training/a/attic/ADE_train_00001927.jpg,https://jarvis.ling.uni-potsdam.de/clp-pmvss21-1/jupyter/user/alatif/view/data/ImageCorpora/ADE20K_2016_07_26/images/training/a/attic/ADE_train_00001927.jpg
35,101098,,validation/b/bathroom/ADE_val_00001098.jpg,https://jarvis.ling.uni-potsdam.de/clp-pmvss21-1/jupyter/user/alatif/view/data/ImageCorpora/ADE20K_2016_07_26/images/validation/b/bathroom/ADE_val_00001098.jpg
36,4016,,training/b/bedroom/ADE_train_00004016.jpg,https://jarvis.ling.uni-potsdam.de/clp-pmvss21-1/jupyter/user/alatif/view/data/ImageCorpora/ADE20K_2016_07_26/images/training/b/bedroom/ADE_train_00004016.jpg
37,11126,,training/l/living_room/ADE_train_00011126.jpg,https://jarvis.ling.uni-potsdam.de/clp-pmvss21-1/jupyter/user/alatif/view/data/ImageCorpora/ADE20K_2016_07_26/images/training/l/living_room/ADE_train_00011126.jpg
38,11319,,training/l/living_room/ADE_train_00011319.jpg,https://jarvis.ling.uni-potsdam.de/clp-pmvss21-1/jupyter/user/alatif/view/data/ImageCorpora/ADE20K_2016_07_26/images/training/l/living_room/ADE_train_00011319.jpg
39,944,,training/p/pantry/ADE_train_00000944.jpg,https://jarvis.ling.uni-potsdam.de/clp-pmvss21-1/jupyter/user/alatif/view/data/ImageCorpora/ADE20K_2016_07_26/images/training/p/pantry/ADE_train_00000944.jpg
40,15538,,training/p/poolroom/home/ADE_train_00015538.jpg,https://jarvis.ling.uni-potsdam.de/clp-pmvss21-1/jupyter/user/alatif/view/data/ImageCorpora/ADE20K_2016_07_26/images/training/p/poolroom/home/ADE_train_00015538.jpg
41,10650,,training/k/kitchen/ADE_train_00010650.jpg,https://jarvis.ling.uni-potsdam.de/clp-pmvss21-1/jupyter/user/alatif/view/data/ImageCorpora/ADE20K_2016_07_26/images/training/k/kitchen/ADE_train_00010650.jpg
42,10895,,training/l/laundromat/ADE_train_00010895.jpg,https://jarvis.ling.uni-potsdam.de/clp-pmvss21-1/jupyter/user/alatif/view/data/ImageCorpora/ADE20K_2016_07_26/images/training/l/laundromat/ADE_train_00010895.jpg
43,9670,,training/h/hotel_room/ADE_train_00009670.jpg,https://jarvis.ling.uni-potsdam.de/clp-pmvss21-1/jupyter/user/alatif/view/data/ImageCorpora/ADE20K_2016_07_26/images/training/h/hotel_room/ADE_train_00009670.jpg
44,2781,,training/b/bathroom/ADE_train_00002781.jpg,https://jarvis.ling.uni-potsdam.de/clp-pmvss21-1/jupyter/user/alatif/view/data/ImageCorpora/ADE20K_2016_07_26/images/training/b/bathroom/ADE_train_00002781.jpg
45,101512,,validation/l/living_room/ADE_val_00001512.jpg,https://jarvis.ling.uni-potsdam.de/clp-pmvss21-1/jupyter/user/alatif/view/data/ImageCorpora/ADE20K_2016_07_26/images/validation/l/living_room/ADE_val_00001512.jpg
46,101469,,validation/k/kitchen/ADE_val_00001469.jpg,https://jarvis.ling.uni-potsdam.de/clp-pmvss21-1/jupyter/user/alatif/view/data/ImageCorpora/ADE20K_2016_07_26/images/validation/k/kitchen/ADE_val_00001469.jpg
47,100459,,validation/k/kitchen/ADE_val_00000459.jpg,https://jarvis.ling.uni-potsdam.de/clp-pmvss21-1/jupyter/user/alatif/view/data/ImageCorpora/ADE20K_2016_07_26/images/validation/k/kitchen/ADE_val_00000459.jpg
48,3793,,training/b/bedroom/ADE_train_00003793.jpg,https://jarvis.ling.uni-potsdam.de/clp-pmvss21-1/jupyter/user/alatif/view/data/ImageCorpora/ADE20K_2016_07_26/images/training/b/bedroom/ADE_train_00003793.jpg
49,9542,,training/h/hotel_room/ADE_train_00009542.jpg,https://jarvis.ling.uni-potsdam.de/clp-pmvss21-1/jupyter/user/alatif/view/data/ImageCorpora/ADE20K_2016_07_26/images/training/h/hotel_room/ADE_train_00009542.jpg
50,2584,,training/b/bathroom/ADE_train_00002584.jpg,https://jarvis.ling.uni-potsdam.de/clp-pmvss21-1/jupyter/user/alatif/view/data/ImageCorpora/ADE20K_2016_07_26/images/training/b/bathroom/ADE_train_00002584.jpg
51,606,,training/k/kitchen/ADE_train_00000606.jpg,https://jarvis.ling.uni-potsdam.de/clp-pmvss21-1/jupyter/user/alatif/view/data/ImageCorpora/ADE20K_2016_07_26/images/training/k/kitchen/ADE_train_00000606.jpg
52,2675,,training/b/bathroom/ADE_train_00002675.jpg,https://jarvis.ling.uni-potsdam.de/clp-pmvss21-1/jupyter/user/alatif/view/data/ImageCorpora/ADE20K_2016_07_26/images/training/b/bathroom/ADE_train_00002675.jpg
53,10378,,training/k/kitchen/ADE_train_00010378.jpg,https://jarvis.ling.uni-potsdam.de/clp-pmvss21-1/jupyter/user/alatif/view/data/ImageCorpora/ADE20K_2016_07_26/images/training/k/kitchen/ADE_train_00010378.jpg
54,192,,training/b/bedroom/ADE_train_00000192.jpg,https://jarvis.ling.uni-potsdam.de/clp-pmvss21-1/jupyter/user/alatif/view/data/ImageCorpora/ADE20K_2016_07_26/images/training/b/bedroom/ADE_train_00000192.jpg
55,9581,,training/h/hotel_room/ADE_train_00009581.jpg,https://jarvis.ling.uni-potsdam.de/clp-pmvss21-1/jupyter/user/alatif/view/data/ImageCorpora/ADE20K_2016_07_26/images/training/h/hotel_room/ADE_train_00009581.jpg
56,11098,,training/l/living_room/ADE_train_00011098.jpg,https://jarvis.ling.uni-potsdam.de/clp-pmvss21-1/jupyter/user/alatif/view/data/ImageCorpora/ADE20K_2016_07_26/images/training/l/living_room/ADE_train_00011098.jpg
57,13899,,training/n/nursery/ADE_train_00013899.jpg,https://jarvis.ling.uni-potsdam.de/clp-pmvss21-1/jupyter/user/alatif/view/data/ImageCorpora/ADE20K_2016_07_26/images/training/n/nursery/ADE_train_00013899.jpg
58,3721,,training/b/bedroom/ADE_train_00003721.jpg,https://jarvis.ling.uni-potsdam.de/clp-pmvss21-1/jupyter/user/alatif/view/data/ImageCorpora/ADE20K_2016_07_26/images/training/b/bedroom/ADE_train_00003721.jpg
59,647,,training/k/kitchen/ADE_train_00000647.jpg,https://jarvis.ling.uni-potsdam.de/clp-pmvss21-1/jupyter/user/alatif/view/data/ImageCorpora/ADE20K_2016_07_26/images/training/k/kitchen/ADE_train_00000647.jpg
60,9318,,training/h/home_office/ADE_train_00009318.jpg,https://jarvis.ling.uni-potsdam.de/clp-pmvss21-1/jupyter/user/alatif/view/data/ImageCorpora/ADE20K_2016_07_26/images/training/h/home_office/ADE_train_00009318.jpg
61,4095,,training/b/bedroom/ADE_train_00004095.jpg,https://jarvis.ling.uni-potsdam.de/clp-pmvss21-1/jupyter/user/alatif/view/data/ImageCorpora/ADE20K_2016_07_26/images/training/b/bedroom/ADE_train_00004095.jpg
62,24,,training/b/bathroom/ADE_train_00000024.jpg,https://jarvis.ling.uni-potsdam.de/clp-pmvss21-1/jupyter/user/alatif/view/data/ImageCorpora/ADE20K_2016_07_26/images/training/b/bathroom/ADE_train_00000024.jpg
63,100246,,validation/c/childs_room/ADE_val_00000246.jpg,https://jarvis.ling.uni-potsdam.de/clp-pmvss21-1/jupyter/user/alatif/view/data/ImageCorpora/ADE20K_2016_07_26/images/validation/c/childs_room/ADE_val_00000246.jpg
64,319,,training/b/bedroom/ADE_train_00000319.jpg,https://jarvis.ling.uni-potsdam.de/clp-pmvss21-1/jupyter/user/alatif/view/data/ImageCorpora/ADE20K_2016_07_26/images/training/b/bedroom/ADE_train_00000319.jpg
65,2481,,training/b/basement/ADE_train_00002481.jpg,https://jarvis.ling.uni-potsdam.de/clp-pmvss21-1/jupyter/user/alatif/view/data/ImageCorpora/ADE20K_2016_07_26/images/training/b/basement/ADE_train_00002481.jpg
66,10284,,training/k/kitchen/ADE_train_00010284.jpg,https://jarvis.ling.uni-potsdam.de/clp-pmvss21-1/jupyter/user/alatif/view/data/ImageCorpora/ADE20K_2016_07_26/images/training/k/kitchen/ADE_train_00010284.jpg
67,8480,,training/g/garage/indoor/ADE_train_00008480.jpg,https://jarvis.ling.uni-potsdam.de/clp-pmvss21-1/jupyter/user/alatif/view/data/ImageCorpora/ADE20K_2016_07_26/images/training/g/garage/indoor/ADE_train_00008480.jpg
68,10169,,training/k/kitchen/ADE_train_00010169.jpg,https://jarvis.ling.uni-potsdam.de/clp-pmvss21-1/jupyter/user/alatif/view/data/ImageCorpora/ADE20K_2016_07_26/images/training/k/kitchen/ADE_train_00010169.jpg
69,20174,,training/y/youth_hostel/ADE_train_00020174.jpg,https://jarvis.ling.uni-potsdam.de/clp-pmvss21-1/jupyter/user/alatif/view/data/ImageCorpora/ADE20K_2016_07_26/images/training/y/youth_hostel/ADE_train_00020174.jpg
70,15169,,training/p/parlor/ADE_train_00015169.jpg,https://jarvis.ling.uni-potsdam.de/clp-pmvss21-1/jupyter/user/alatif/view/data/ImageCorpora/ADE20K_2016_07_26/images/training/p/parlor/ADE_train_00015169.jpg
71,2735,,training/b/bathroom/ADE_train_00002735.jpg,https://jarvis.ling.uni-potsdam.de/clp-pmvss21-1/jupyter/user/alatif/view/data/ImageCorpora/ADE20K_2016_07_26/images/training/b/bathroom/ADE_train_00002735.jpg
72,6773,,training/d/dinette/home/ADE_train_00006773.jpg,https://jarvis.ling.uni-potsdam.de/clp-pmvss21-1/jupyter/user/alatif/view/data/ImageCorpora/ADE20K_2016_07_26/images/training/d/dinette/home/ADE_train_00006773.jpg
73,4113,,training/b/bedroom/ADE_train_00004113.jpg,https://jarvis.ling.uni-potsdam.de/clp-pmvss21-1/jupyter/user/alatif/view/data/ImageCorpora/ADE20K_2016_07_26/images/training/b/bedroom/ADE_train_00004113.jpg
74,100317,,validation/d/dining_room/ADE_val_00000317.jpg,https://jarvis.ling.uni-potsdam.de/clp-pmvss21-1/jupyter/user/alatif/view/data/ImageCorpora/ADE20K_2016_07_26/images/validation/d/dining_room/ADE_val_00000317.jpg
75,8393,,training/g/game_room/ADE_train_00008393.jpg,https://jarvis.ling.uni-potsdam.de/clp-pmvss21-1/jupyter/user/alatif/view/data/ImageCorpora/ADE20K_2016_07_26/images/training/g/game_room/ADE_train_00008393.jpg
76,6878,,training/d/dining_room/ADE_train_00006878.jpg,https://jarvis.ling.uni-potsdam.de/clp-pmvss21-1/jupyter/user/alatif/view/data/ImageCorpora/ADE20K_2016_07_26/images/training/d/dining_room/ADE_train_00006878.jpg
77,11303,,training/l/living_room/ADE_train_00011303.jpg,https://jarvis.ling.uni-potsdam.de/clp-pmvss21-1/jupyter/user/alatif/view/data/ImageCorpora/ADE20K_2016_07_26/images/training/l/living_room/ADE_train_00011303.jpg
78,4135,,training/b/bedroom/ADE_train_00004135.jpg,https://jarvis.ling.uni-potsdam.de/clp-pmvss21-1/jupyter/user/alatif/view/data/ImageCorpora/ADE20K_2016_07_26/images/training/b/bedroom/ADE_train_00004135.jpg
79,13886,,training/n/nursery/ADE_train_00013886.jpg,https://jarvis.ling.uni-potsdam.de/clp-pmvss21-1/jupyter/user/alatif/view/data/ImageCorpora/ADE20K_2016_07_26/images/training/n/nursery/ADE_train_00013886.jpg
80,7233,,training/d/dining_room/ADE_train_00007233.jpg,https://jarvis.ling.uni-potsdam.de/clp-pmvss21-1/jupyter/user/alatif/view/data/ImageCorpora/ADE20K_2016_07_26/images/training/d/dining_room/ADE_train_00007233.jpg
81,4086,,training/b/bedroom/ADE_train_00004086.jpg,https://jarvis.ling.uni-potsdam.de/clp-pmvss21-1/jupyter/user/alatif/view/data/ImageCorpora/ADE20K_2016_07_26/images/training/b/bedroom/ADE_train_00004086.jpg
82,19938,,training/w/wet_bar/ADE_train_00019938.jpg,https://jarvis.ling.uni-potsdam.de/clp-pmvss21-1/jupyter/user/alatif/view/data/ImageCorpora/ADE20K_2016_07_26/images/training/w/wet_bar/ADE_train_00019938.jpg
83,1968,,training/a/attic/ADE_train_00001968.jpg,https://jarvis.ling.uni-potsdam.de/clp-pmvss21-1/jupyter/user/alatif/view/data/ImageCorpora/ADE20K_2016_07_26/images/training/a/attic/ADE_train_00001968.jpg
84,11308,,training/l/living_room/ADE_train_00011308.jpg,https://jarvis.ling.uni-potsdam.de/clp-pmvss21-1/jupyter/user/alatif/view/data/ImageCorpora/ADE20K_2016_07_26/images/training/l/living_room/ADE_train_00011308.jpg
85,2928,,training/b/bathroom/ADE_train_00002928.jpg,https://jarvis.ling.uni-potsdam.de/clp-pmvss21-1/jupyter/user/alatif/view/data/ImageCorpora/ADE20K_2016_07_26/images/training/b/bathroom/ADE_train_00002928.jpg
86,7362,,training/d/dorm_room/ADE_train_00007362.jpg,https://jarvis.ling.uni-potsdam.de/clp-pmvss21-1/jupyter/user/alatif/view/data/ImageCorpora/ADE20K_2016_07_26/images/training/d/dorm_room/ADE_train_00007362.jpg
87,760,,training/l/living_room/ADE_train_00000760.jpg,https://jarvis.ling.uni-potsdam.de/clp-pmvss21-1/jupyter/user/alatif/view/data/ImageCorpora/ADE20K_2016_07_26/images/training/l/living_room/ADE_train_00000760.jpg
88,56,,training/b/bathroom/ADE_train_00000056.jpg,https://jarvis.ling.uni-potsdam.de/clp-pmvss21-1/jupyter/user/alatif/view/data/ImageCorpora/ADE20K_2016_07_26/images/training/b/bathroom/ADE_train_00000056.jpg
89,4094,,training/b/bedroom/ADE_train_00004094.jpg,https://jarvis.ling.uni-potsdam.de/clp-pmvss21-1/jupyter/user/alatif/view/data/ImageCorpora/ADE20K_2016_07_26/images/training/b/bedroom/ADE_train_00004094.jpg
90,101379,,validation/g/garage/indoor/ADE_val_00001379.jpg,https://jarvis.ling.uni-potsdam.de/clp-pmvss21-1/jupyter/user/alatif/view/data/ImageCorpora/ADE20K_2016_07_26/images/validation/g/garage/indoor/ADE_val_00001379.jpg
91,15419,,training/p/playroom/ADE_train_00015419.jpg,https://jarvis.ling.uni-potsdam.de/clp-pmvss21-1/jupyter/user/alatif/view/data/ImageCorpora/ADE20K_2016_07_26/images/training/p/playroom/ADE_train_00015419.jpg
92,2779,,training/b/bathroom/ADE_train_00002779.jpg,https://jarvis.ling.uni-potsdam.de/clp-pmvss21-1/jupyter/user/alatif/view/data/ImageCorpora/ADE20K_2016_07_26/images/training/b/bathroom/ADE_train_00002779.jpg
93,5464,,training/c/childs_room/ADE_train_00005464.jpg,https://jarvis.ling.uni-potsdam.de/clp-pmvss21-1/jupyter/user/alatif/view/data/ImageCorpora/ADE20K_2016_07_26/images/training/c/childs_room/ADE_train_00005464.jpg
94,11332,,training/l/living_room/ADE_train_00011332.jpg,https://jarvis.ling.uni-potsdam.de/clp-pmvss21-1/jupyter/user/alatif/view/data/ImageCorpora/ADE20K_2016_07_26/images/training/l/living_room/ADE_train_00011332.jpg
95,6984,,training/d/dining_room/ADE_train_00006984.jpg,https://jarvis.ling.uni-potsdam.de/clp-pmvss21-1/jupyter/user/alatif/view/data/ImageCorpora/ADE20K_2016_07_26/images/training/d/dining_room/ADE_train_00006984.jpg
96,100460,,validation/k/kitchen/ADE_val_00000460.jpg,https://jarvis.ling.uni-potsdam.de/clp-pmvss21-1/jupyter/user/alatif/view/data/ImageCorpora/ADE20K_2016_07_26/images/validation/k/kitchen/ADE_val_00000460.jpg
97,101088,,validation/b/bathroom/ADE_val_00001088.jpg,https://jarvis.ling.uni-potsdam.de/clp-pmvss21-1/jupyter/user/alatif/view/data/ImageCorpora/ADE20K_2016_07_26/images/validation/b/bathroom/ADE_val_00001088.jpg
98,3397,,training/b/bedroom/ADE_train_00003397.jpg,https://jarvis.ling.uni-potsdam.de/clp-pmvss21-1/jupyter/user/alatif/view/data/ImageCorpora/ADE20K_2016_07_26/images/training/b/bedroom/ADE_train_00003397.jpg
99,6952,,training/d/dining_room/ADE_train_00006952.jpg,https://jarvis.ling.uni-potsdam.de/clp-pmvss21-1/jupyter/user/alatif/view/data/ImageCorpora/ADE20K_2016_07_26/images/training/d/dining_room/ADE_train_00006952.jpg
100,101099,,validation/b/bathroom/ADE_val_00001099.jpg,https://jarvis.ling.uni-potsdam.de/clp-pmvss21-1/jupyter/user/alatif/view/data/ImageCorpora/ADE20K_2016_07_26/images/validation/b/bathroom/ADE_val_00001099.jpg
101,11173,,training/l/living_room/ADE_train_00011173.jpg,https://jarvis.ling.uni-potsdam.de/clp-pmvss21-1/jupyter/user/alatif/view/data/ImageCorpora/ADE20K_2016_07_26/images/training/l/living_room/ADE_train_00011173.jpg
102,8395,,training/g/game_room/ADE_train_00008395.jpg,https://jarvis.ling.uni-potsdam.de/clp-pmvss21-1/jupyter/user/alatif/view/data/ImageCorpora/ADE20K_2016_07_26/images/training/g/game_room/ADE_train_00008395.jpg
103,100095,,validation/b/bathroom/ADE_val_00000095.jpg,https://jarvis.ling.uni-potsdam.de/clp-pmvss21-1/jupyter/user/alatif/view/data/ImageCorpora/ADE20K_2016_07_26/images/validation/b/bathroom/ADE_val_00000095.jpg
104,10601,,training/k/kitchen/ADE_train_00010601.jpg,https://jarvis.ling.uni-potsdam.de/clp-pmvss21-1/jupyter/user/alatif/view/data/ImageCorpora/ADE20K_2016_07_26/images/training/k/kitchen/ADE_train_00010601.jpg
105,2721,,training/b/bathroom/ADE_train_00002721.jpg,https://jarvis.ling.uni-potsdam.de/clp-pmvss21-1/jupyter/user/alatif/view/data/ImageCorpora/ADE20K_2016_07_26/images/training/b/bathroom/ADE_train_00002721.jpg
106,5767,,training/c/closet/ADE_train_00005767.jpg,https://jarvis.ling.uni-potsdam.de/clp-pmvss21-1/jupyter/user/alatif/view/data/ImageCorpora/ADE20K_2016_07_26/images/training/c/closet/ADE_train_00005767.jpg
107,19930,,training/w/wet_bar/ADE_train_00019930.jpg,https://jarvis.ling.uni-potsdam.de/clp-pmvss21-1/jupyter/user/alatif/view/data/ImageCorpora/ADE20K_2016_07_26/images/training/w/wet_bar/ADE_train_00019930.jpg
108,7205,,training/d/dining_room/ADE_train_00007205.jpg,https://jarvis.ling.uni-potsdam.de/clp-pmvss21-1/jupyter/user/alatif/view/data/ImageCorpora/ADE20K_2016_07_26/images/training/d/dining_room/ADE_train_00007205.jpg
109,11185,,training/l/living_room/ADE_train_00011185.jpg,https://jarvis.ling.uni-potsdam.de/clp-pmvss21-1/jupyter/user/alatif/view/data/ImageCorpora/ADE20K_2016_07_26/images/training/l/living_room/ADE_train_00011185.jpg
110,7137,,training/d/dining_room/ADE_train_00007137.jpg,https://jarvis.ling.uni-potsdam.de/clp-pmvss21-1/jupyter/user/alatif/view/data/ImageCorpora/ADE20K_2016_07_26/images/training/d/dining_room/ADE_train_00007137.jpg
111,7204,,training/d/dining_room/ADE_train_00007204.jpg,https://jarvis.ling.uni-potsdam.de/clp-pmvss21-1/jupyter/user/alatif/view/data/ImageCorpora/ADE20K_2016_07_26/images/training/d/dining_room/ADE_train_00007204.jpg
112,4452,,training/b/bow_window/indoor/ADE_train_00004452.jpg,https://jarvis.ling.uni-potsdam.de/clp-pmvss21-1/jupyter/user/alatif/view/data/ImageCorpora/ADE20K_2016_07_26/images/training/b/bow_window/indoor/ADE_train_00004452.jpg
113,2555,,training/b/bathroom/ADE_train_00002555.jpg,https://jarvis.ling.uni-potsdam.de/clp-pmvss21-1/jupyter/user/alatif/view/data/ImageCorpora/ADE20K_2016_07_26/images/training/b/bathroom/ADE_train_00002555.jpg
114,100484,,validation/k/kitchen/ADE_val_00000484.jpg,https://jarvis.ling.uni-potsdam.de/clp-pmvss21-1/jupyter/user/alatif/view/data/ImageCorpora/ADE20K_2016_07_26/images/validation/k/kitchen/ADE_val_00000484.jpg
115,103,,training/b/bathroom/ADE_train_00000103.jpg,https://jarvis.ling.uni-potsdam.de/clp-pmvss21-1/jupyter/user/alatif/view/data/ImageCorpora/ADE20K_2016_07_26/images/training/b/bathroom/ADE_train_00000103.jpg
116,7207,,training/d/dining_room/ADE_train_00007207.jpg,https://jarvis.ling.uni-potsdam.de/clp-pmvss21-1/jupyter/user/alatif/view/data/ImageCorpora/ADE20K_2016_07_26/images/training/d/dining_room/ADE_train_00007207.jpg
117,2871,,training/b/bathroom/ADE_train_00002871.jpg,https://jarvis.ling.uni-potsdam.de/clp-pmvss21-1/jupyter/user/alatif/view/data/ImageCorpora/ADE20K_2016_07_26/images/training/b/bathroom/ADE_train_00002871.jpg
118,11148,,training/l/living_room/ADE_train_00011148.jpg,https://jarvis.ling.uni-potsdam.de/clp-pmvss21-1/jupyter/user/alatif/view/data/ImageCorpora/ADE20K_2016_07_26/images/training/l/living_room/ADE_train_00011148.jpg
119,13881,,training/n/nursery/ADE_train_00013881.jpg,https://jarvis.ling.uni-potsdam.de/clp-pmvss21-1/jupyter/user/alatif/view/data/ImageCorpora/ADE20K_2016_07_26/images/training/n/nursery/ADE_train_00013881.jpg
120,3878,,training/b/bedroom/ADE_train_00003878.jpg,https://jarvis.ling.uni-potsdam.de/clp-pmvss21-1/jupyter/user/alatif/view/data/ImageCorpora/ADE20K_2016_07_26/images/training/b/bedroom/ADE_train_00003878.jpg
121,10701,,training/k/kitchen/ADE_train_00010701.jpg,https://jarvis.ling.uni-potsdam.de/clp-pmvss21-1/jupyter/user/alatif/view/data/ImageCorpora/ADE20K_2016_07_26/images/training/k/kitchen/ADE_train_00010701.jpg
122,15175,,training/p/parlor/ADE_train_00015175.jpg,https://jarvis.ling.uni-potsdam.de/clp-pmvss21-1/jupyter/user/alatif/view/data/ImageCorpora/ADE20K_2016_07_26/images/training/p/parlor/ADE_train_00015175.jpg
123,10440,,training/k/kitchen/ADE_train_00010440.jpg,https://jarvis.ling.uni-potsdam.de/clp-pmvss21-1/jupyter/user/alatif/view/data/ImageCorpora/ADE20K_2016_07_26/images/training/k/kitchen/ADE_train_00010440.jpg
124,3712,,training/b/bedroom/ADE_train_00003712.jpg,https://jarvis.ling.uni-potsdam.de/clp-pmvss21-1/jupyter/user/alatif/view/data/ImageCorpora/ADE20K_2016_07_26/images/training/b/bedroom/ADE_train_00003712.jpg
125,2566,,training/b/bathroom/ADE_train_00002566.jpg,https://jarvis.ling.uni-potsdam.de/clp-pmvss21-1/jupyter/user/alatif/view/data/ImageCorpora/ADE20K_2016_07_26/images/training/b/bathroom/ADE_train_00002566.jpg
126,7064,,training/d/dining_room/ADE_train_00007064.jpg,https://jarvis.ling.uni-potsdam.de/clp-pmvss21-1/jupyter/user/alatif/view/data/ImageCorpora/ADE20K_2016_07_26/images/training/d/dining_room/ADE_train_00007064.jpg
127,10706,,training/k/kitchen/ADE_train_00010706.jpg,https://jarvis.ling.uni-potsdam.de/clp-pmvss21-1/jupyter/user/alatif/view/data/ImageCorpora/ADE20K_2016_07_26/images/training/k/kitchen/ADE_train_00010706.jpg
128,100128,,validation/b/bedroom/ADE_val_00000128.jpg,https://jarvis.ling.uni-potsdam.de/clp-pmvss21-1/jupyter/user/alatif/view/data/ImageCorpora/ADE20K_2016_07_26/images/validation/b/bedroom/ADE_val_00000128.jpg
129,10375,,training/k/kitchen/ADE_train_00010375.jpg,https://jarvis.ling.uni-potsdam.de/clp-pmvss21-1/jupyter/user/alatif/view/data/ImageCorpora/ADE20K_2016_07_26/images/training/k/kitchen/ADE_train_00010375.jpg
130,7022,,training/d/dining_room/ADE_train_00007022.jpg,https://jarvis.ling.uni-potsdam.de/clp-pmvss21-1/jupyter/user/alatif/view/data/ImageCorpora/ADE20K_2016_07_26/images/training/d/dining_room/ADE_train_00007022.jpg
131,16280,,training/s/shower/ADE_train_00016280.jpg,https://jarvis.ling.uni-potsdam.de/clp-pmvss21-1/jupyter/user/alatif/view/data/ImageCorpora/ADE20K_2016_07_26/images/training/s/shower/ADE_train_00016280.jpg
132,4039,,training/b/bedroom/ADE_train_00004039.jpg,https://jarvis.ling.uni-potsdam.de/clp-pmvss21-1/jupyter/user/alatif/view/data/ImageCorpora/ADE20K_2016_07_26/images/training/b/bedroom/ADE_train_00004039.jpg
133,101688,,validation/p/pantry/ADE_val_00001688.jpg,https://jarvis.ling.uni-potsdam.de/clp-pmvss21-1/jupyter/user/alatif/view/data/ImageCorpora/ADE20K_2016_07_26/images/validation/p/pantry/ADE_val_00001688.jpg
134,2578,,training/b/bathroom/ADE_train_00002578.jpg,https://jarvis.ling.uni-potsdam.de/clp-pmvss21-1/jupyter/user/alatif/view/data/ImageCorpora/ADE20K_2016_07_26/images/training/b/bathroom/ADE_train_00002578.jpg
135,354,,training/b/bedroom/ADE_train_00000354.jpg,https://jarvis.ling.uni-potsdam.de/clp-pmvss21-1/jupyter/user/alatif/view/data/ImageCorpora/ADE20K_2016_07_26/images/training/b/bedroom/ADE_train_00000354.jpg
136,100950,,validation/d/dining_room/ADE_val_00000950.jpg,https://jarvis.ling.uni-potsdam.de/clp-pmvss21-1/jupyter/user/alatif/view/data/ImageCorpora/ADE20K_2016_07_26/images/validation/d/dining_room/ADE_val_00000950.jpg
137,674,,training/l/living_room/ADE_train_00000674.jpg,https://jarvis.ling.uni-potsdam.de/clp-pmvss21-1/jupyter/user/alatif/view/data/ImageCorpora/ADE20K_2016_07_26/images/training/l/living_room/ADE_train_00000674.jpg
138,4093,,training/b/bedroom/ADE_train_00004093.jpg,https://jarvis.ling.uni-potsdam.de/clp-pmvss21-1/jupyter/user/alatif/view/data/ImageCorpora/ADE20K_2016_07_26/images/training/b/bedroom/ADE_train_00004093.jpg
139,4103,,training/b/bedroom/ADE_train_00004103.jpg,https://jarvis.ling.uni-potsdam.de/clp-pmvss21-1/jupyter/user/alatif/view/data/ImageCorpora/ADE20K_2016_07_26/images/training/b/bedroom/ADE_train_00004103.jpg
140,10564,,training/k/kitchen/ADE_train_00010564.jpg,https://jarvis.ling.uni-potsdam.de/clp-pmvss21-1/jupyter/user/alatif/view/data/ImageCorpora/ADE20K_2016_07_26/images/training/k/kitchen/ADE_train_00010564.jpg
141,15554,,training/p/poolroom/home/ADE_train_00015554.jpg,https://jarvis.ling.uni-potsdam.de/clp-pmvss21-1/jupyter/user/alatif/view/data/ImageCorpora/ADE20K_2016_07_26/images/training/p/poolroom/home/ADE_train_00015554.jpg
142,5503,,training/c/childs_room/ADE_train_00005503.jpg,https://jarvis.ling.uni-potsdam.de/clp-pmvss21-1/jupyter/user/alatif/view/data/ImageCorpora/ADE20K_2016_07_26/images/training/c/childs_room/ADE_train_00005503.jpg
143,3839,,training/b/bedroom/ADE_train_00003839.jpg,https://jarvis.ling.uni-potsdam.de/clp-pmvss21-1/jupyter/user/alatif/view/data/ImageCorpora/ADE20K_2016_07_26/images/training/b/bedroom/ADE_train_00003839.jpg
144,10359,,training/k/kitchen/ADE_train_00010359.jpg,https://jarvis.ling.uni-potsdam.de/clp-pmvss21-1/jupyter/user/alatif/view/data/ImageCorpora/ADE20K_2016_07_26/images/training/k/kitchen/ADE_train_00010359.jpg
145,100470,,validation/k/kitchen/ADE_val_00000470.jpg,https://jarvis.ling.uni-potsdam.de/clp-pmvss21-1/jupyter/user/alatif/view/data/ImageCorpora/ADE20K_2016_07_26/images/validation/k/kitchen/ADE_val_00000470.jpg
146,5509,,training/c/childs_room/ADE_train_00005509.jpg,https://jarvis.ling.uni-potsdam.de/clp-pmvss21-1/jupyter/user/alatif/view/data/ImageCorpora/ADE20K_2016_07_26/images/training/c/childs_room/ADE_train_00005509.jpg
147,83,,training/b/bathroom/ADE_train_00000083.jpg,https://jarvis.ling.uni-potsdam.de/clp-pmvss21-1/jupyter/user/alatif/view/data/ImageCorpora/ADE20K_2016_07_26/images/training/b/bathroom/ADE_train_00000083.jpg
148,6943,,training/d/dining_room/ADE_train_00006943.jpg,https://jarvis.ling.uni-potsdam.de/clp-pmvss21-1/jupyter/user/alatif/view/data/ImageCorpora/ADE20K_2016_07_26/images/training/d/dining_room/ADE_train_00006943.jpg
149,11323,,training/l/living_room/ADE_train_00011323.jpg,https://jarvis.ling.uni-potsdam.de/clp-pmvss21-1/jupyter/user/alatif/view/data/ImageCorpora/ADE20K_2016_07_26/images/training/l/living_room/ADE_train_00011323.jpg
150,10230,,training/k/kitchen/ADE_train_00010230.jpg,https://jarvis.ling.uni-potsdam.de/clp-pmvss21-1/jupyter/user/alatif/view/data/ImageCorpora/ADE20K_2016_07_26/images/training/k/kitchen/ADE_train_00010230.jpg
151,7046,,training/d/dining_room/ADE_train_00007046.jpg,https://jarvis.ling.uni-potsdam.de/clp-pmvss21-1/jupyter/user/alatif/view/data/ImageCorpora/ADE20K_2016_07_26/images/training/d/dining_room/ADE_train_00007046.jpg
152,15207,,training/p/parlor/ADE_train_00015207.jpg,https://jarvis.ling.uni-potsdam.de/clp-pmvss21-1/jupyter/user/alatif/view/data/ImageCorpora/ADE20K_2016_07_26/images/training/p/parlor/ADE_train_00015207.jpg
153,7105,,training/d/dining_room/ADE_train_00007105.jpg,https://jarvis.ling.uni-potsdam.de/clp-pmvss21-1/jupyter/user/alatif/view/data/ImageCorpora/ADE20K_2016_07_26/images/training/d/dining_room/ADE_train_00007105.jpg
154,2901,,training/b/bathroom/ADE_train_00002901.jpg,https://jarvis.ling.uni-potsdam.de/clp-pmvss21-1/jupyter/user/alatif/view/data/ImageCorpora/ADE20K_2016_07_26/images/training/b/bathroom/ADE_train_00002901.jpg
155,20043,,training/w/wine_cellar/barrel_storage/ADE_train_00020043.jpg,https://jarvis.ling.uni-potsdam.de/clp-pmvss21-1/jupyter/user/alatif/view/data/ImageCorpora/ADE20K_2016_07_26/images/training/w/wine_cellar/barrel_storage/ADE_train_00020043.jpg
156,15517,,training/p/poolroom/home/ADE_train_00015517.jpg,https://jarvis.ling.uni-potsdam.de/clp-pmvss21-1/jupyter/user/alatif/view/data/ImageCorpora/ADE20K_2016_07_26/images/training/p/poolroom/home/ADE_train_00015517.jpg
157,2649,,training/b/bathroom/ADE_train_00002649.jpg,https://jarvis.ling.uni-potsdam.de/clp-pmvss21-1/jupyter/user/alatif/view/data/ImageCorpora/ADE20K_2016_07_26/images/training/b/bathroom/ADE_train_00002649.jpg
158,100750,,validation/s/shower/ADE_val_00000750.jpg,https://jarvis.ling.uni-potsdam.de/clp-pmvss21-1/jupyter/user/alatif/view/data/ImageCorpora/ADE20K_2016_07_26/images/validation/s/shower/ADE_val_00000750.jpg
159,11468,,training/l/living_room/ADE_train_00011468.jpg,https://jarvis.ling.uni-potsdam.de/clp-pmvss21-1/jupyter/user/alatif/view/data/ImageCorpora/ADE20K_2016_07_26/images/training/l/living_room/ADE_train_00011468.jpg
160,2810,,training/b/bathroom/ADE_train_00002810.jpg,https://jarvis.ling.uni-potsdam.de/clp-pmvss21-1/jupyter/user/alatif/view/data/ImageCorpora/ADE20K_2016_07_26/images/training/b/bathroom/ADE_train_00002810.jpg
161,10462,,training/k/kitchen/ADE_train_00010462.jpg,https://jarvis.ling.uni-potsdam.de/clp-pmvss21-1/jupyter/user/alatif/view/data/ImageCorpora/ADE20K_2016_07_26/images/training/k/kitchen/ADE_train_00010462.jpg
162,314,,training/b/bedroom/ADE_train_00000314.jpg,https://jarvis.ling.uni-potsdam.de/clp-pmvss21-1/jupyter/user/alatif/view/data/ImageCorpora/ADE20K_2016_07_26/images/training/b/bedroom/ADE_train_00000314.jpg
163,11450,,training/l/living_room/ADE_train_00011450.jpg,https://jarvis.ling.uni-potsdam.de/clp-pmvss21-1/jupyter/user/alatif/view/data/ImageCorpora/ADE20K_2016_07_26/images/training/l/living_room/ADE_train_00011450.jpg
164,3250,,training/b/bedroom/ADE_train_00003250.jpg,https://jarvis.ling.uni-potsdam.de/clp-pmvss21-1/jupyter/user/alatif/view/data/ImageCorpora/ADE20K_2016_07_26/images/training/b/bedroom/ADE_train_00003250.jpg
165,11382,,training/l/living_room/ADE_train_00011382.jpg,https://jarvis.ling.uni-potsdam.de/clp-pmvss21-1/jupyter/user/alatif/view/data/ImageCorpora/ADE20K_2016_07_26/images/training/l/living_room/ADE_train_00011382.jpg
166,5474,,training/c/childs_room/ADE_train_00005474.jpg,https://jarvis.ling.uni-potsdam.de/clp-pmvss21-1/jupyter/user/alatif/view/data/ImageCorpora/ADE20K_2016_07_26/images/training/c/childs_room/ADE_train_00005474.jpg
167,5765,,training/c/closet/ADE_train_00005765.jpg,https://jarvis.ling.uni-potsdam.de/clp-pmvss21-1/jupyter/user/alatif/view/data/ImageCorpora/ADE20K_2016_07_26/images/training/c/closet/ADE_train_00005765.jpg
168,9338,,training/h/home_office/ADE_train_00009338.jpg,https://jarvis.ling.uni-potsdam.de/clp-pmvss21-1/jupyter/user/alatif/view/data/ImageCorpora/ADE20K_2016_07_26/images/training/h/home_office/ADE_train_00009338.jpg
169,4168,,training/b/bedroom/ADE_train_00004168.jpg,https://jarvis.ling.uni-potsdam.de/clp-pmvss21-1/jupyter/user/alatif/view/data/ImageCorpora/ADE20K_2016_07_26/images/training/b/bedroom/ADE_train_00004168.jpg
170,3699,,training/b/bedroom/ADE_train_00003699.jpg,https://jarvis.ling.uni-potsdam.de/clp-pmvss21-1/jupyter/user/alatif/view/data/ImageCorpora/ADE20K_2016_07_26/images/training/b/bedroom/ADE_train_00003699.jpg
171,2927,,training/b/bathroom/ADE_train_00002927.jpg,https://jarvis.ling.uni-potsdam.de/clp-pmvss21-1/jupyter/user/alatif/view/data/ImageCorpora/ADE20K_2016_07_26/images/training/b/bathroom/ADE_train_00002927.jpg
172,15216,,training/p/parlor/ADE_train_00015216.jpg,https://jarvis.ling.uni-potsdam.de/clp-pmvss21-1/jupyter/user/alatif/view/data/ImageCorpora/ADE20K_2016_07_26/images/training/p/parlor/ADE_train_00015216.jpg
173,362,,training/b/bedroom/ADE_train_00000362.jpg,https://jarvis.ling.uni-potsdam.de/clp-pmvss21-1/jupyter/user/alatif/view/data/ImageCorpora/ADE20K_2016_07_26/images/training/b/bedroom/ADE_train_00000362.jpg
174,2640,,training/b/bathroom/ADE_train_00002640.jpg,https://jarvis.ling.uni-potsdam.de/clp-pmvss21-1/jupyter/user/alatif/view/data/ImageCorpora/ADE20K_2016_07_26/images/training/b/bathroom/ADE_train_00002640.jpg
175,11278,,training/l/living_room/ADE_train_00011278.jpg,https://jarvis.ling.uni-potsdam.de/clp-pmvss21-1/jupyter/user/alatif/view/data/ImageCorpora/ADE20K_2016_07_26/images/training/l/living_room/ADE_train_00011278.jpg
176,15195,,training/p/parlor/ADE_train_00015195.jpg,https://jarvis.ling.uni-potsdam.de/clp-pmvss21-1/jupyter/user/alatif/view/data/ImageCorpora/ADE20K_2016_07_26/images/training/p/parlor/ADE_train_00015195.jpg
177,9377,,training/h/home_office/ADE_train_00009377.jpg,https://jarvis.ling.uni-potsdam.de/clp-pmvss21-1/jupyter/user/alatif/view/data/ImageCorpora/ADE20K_2016_07_26/images/training/h/home_office/ADE_train_00009377.jpg
178,7191,,training/d/dining_room/ADE_train_00007191.jpg,https://jarvis.ling.uni-potsdam.de/clp-pmvss21-1/jupyter/user/alatif/view/data/ImageCorpora/ADE20K_2016_07_26/images/training/d/dining_room/ADE_train_00007191.jpg
179,16810,,training/s/staircase/ADE_train_00016810.jpg,https://jarvis.ling.uni-potsdam.de/clp-pmvss21-1/jupyter/user/alatif/view/data/ImageCorpora/ADE20K_2016_07_26/images/training/s/staircase/ADE_train_00016810.jpg
180,7093,,training/d/dining_room/ADE_train_00007093.jpg,https://jarvis.ling.uni-potsdam.de/clp-pmvss21-1/jupyter/user/alatif/view/data/ImageCorpora/ADE20K_2016_07_26/images/training/d/dining_room/ADE_train_00007093.jpg
181,19939,,training/w/wet_bar/ADE_train_00019939.jpg,https://jarvis.ling.uni-potsdam.de/clp-pmvss21-1/jupyter/user/alatif/view/data/ImageCorpora/ADE20K_2016_07_26/images/training/w/wet_bar/ADE_train_00019939.jpg
182,3803,,training/b/bedroom/ADE_train_00003803.jpg,https://jarvis.ling.uni-potsdam.de/clp-pmvss21-1/jupyter/user/alatif/view/data/ImageCorpora/ADE20K_2016_07_26/images/training/b/bedroom/ADE_train_00003803.jpg
183,7218,,training/d/dining_room/ADE_train_00007218.jpg,https://jarvis.ling.uni-potsdam.de/clp-pmvss21-1/jupyter/user/alatif/view/data/ImageCorpora/ADE20K_2016_07_26/images/training/d/dining_room/ADE_train_00007218.jpg
184,100091,,validation/b/bathroom/ADE_val_00000091.jpg,https://jarvis.ling.uni-potsdam.de/clp-pmvss21-1/jupyter/user/alatif/view/data/ImageCorpora/ADE20K_2016_07_26/images/validation/b/bathroom/ADE_val_00000091.jpg
185,10418,,training/k/kitchen/ADE_train_00010418.jpg,https://jarvis.ling.uni-potsdam.de/clp-pmvss21-1/jupyter/user/alatif/view/data/ImageCorpora/ADE20K_2016_07_26/images/training/k/kitchen/ADE_train_00010418.jpg
186,3341,,training/b/bedroom/ADE_train_00003341.jpg,https://jarvis.ling.uni-potsdam.de/clp-pmvss21-1/jupyter/user/alatif/view/data/ImageCorpora/ADE20K_2016_07_26/images/training/b/bedroom/ADE_train_00003341.jpg
187,11314,,training/l/living_room/ADE_train_00011314.jpg,https://jarvis.ling.uni-potsdam.de/clp-pmvss21-1/jupyter/user/alatif/view/data/ImageCorpora/ADE20K_2016_07_26/images/training/l/living_room/ADE_train_00011314.jpg
188,100485,,validation/k/kitchen/ADE_val_00000485.jpg,https://jarvis.ling.uni-potsdam.de/clp-pmvss21-1/jupyter/user/alatif/view/data/ImageCorpora/ADE20K_2016_07_26/images/validation/k/kitchen/ADE_val_00000485.jpg
189,3232,,training/b/bedroom/ADE_train_00003232.jpg,https://jarvis.ling.uni-potsdam.de/clp-pmvss21-1/jupyter/user/alatif/view/data/ImageCorpora/ADE20K_2016_07_26/images/training/b/bedroom/ADE_train_00003232.jpg
190,538,,training/b/bedroom/ADE_train_00000538.jpg,https://jarvis.ling.uni-potsdam.de/clp-pmvss21-1/jupyter/user/alatif/view/data/ImageCorpora/ADE20K_2016_07_26/images/training/b/bedroom/ADE_train_00000538.jpg
191,2672,,training/b/bathroom/ADE_train_00002672.jpg,https://jarvis.ling.uni-potsdam.de/clp-pmvss21-1/jupyter/user/alatif/view/data/ImageCorpora/ADE20K_2016_07_26/images/training/b/bathroom/ADE_train_00002672.jpg
192,10658,,training/k/kitchen/ADE_train_00010658.jpg,https://jarvis.ling.uni-potsdam.de/clp-pmvss21-1/jupyter/user/alatif/view/data/ImageCorpora/ADE20K_2016_07_26/images/training/k/kitchen/ADE_train_00010658.jpg
193,14975,,training/p/pantry/ADE_train_00014975.jpg,https://jarvis.ling.uni-potsdam.de/clp-pmvss21-1/jupyter/user/alatif/view/data/ImageCorpora/ADE20K_2016_07_26/images/training/p/pantry/ADE_train_00014975.jpg
194,681,,training/l/living_room/ADE_train_00000681.jpg,https://jarvis.ling.uni-potsdam.de/clp-pmvss21-1/jupyter/user/alatif/view/data/ImageCorpora/ADE20K_2016_07_26/images/training/l/living_room/ADE_train_00000681.jpg
195,2729,,training/b/bathroom/ADE_train_00002729.jpg,https://jarvis.ling.uni-potsdam.de/clp-pmvss21-1/jupyter/user/alatif/view/data/ImageCorpora/ADE20K_2016_07_26/images/training/b/bathroom/ADE_train_00002729.jpg
196,10461,,training/k/kitchen/ADE_train_00010461.jpg,https://jarvis.ling.uni-potsdam.de/clp-pmvss21-1/jupyter/user/alatif/view/data/ImageCorpora/ADE20K_2016_07_26/images/training/k/kitchen/ADE_train_00010461.jpg
197,2984,,training/b/bathroom/ADE_train_00002984.jpg,https://jarvis.ling.uni-potsdam.de/clp-pmvss21-1/jupyter/user/alatif/view/data/ImageCorpora/ADE20K_2016_07_26/images/training/b/bathroom/ADE_train_00002984.jpg
198,9663,,training/h/hotel_room/ADE_train_00009663.jpg,https://jarvis.ling.uni-potsdam.de/clp-pmvss21-1/jupyter/user/alatif/view/data/ImageCorpora/ADE20K_2016_07_26/images/training/h/hotel_room/ADE_train_00009663.jpg
199,9539,,training/h/hotel_room/ADE_train_00009539.jpg,https://jarvis.ling.uni-potsdam.de/clp-pmvss21-1/jupyter/user/alatif/view/data/ImageCorpora/ADE20K_2016_07_26/images/training/h/hotel_room/ADE_train_00009539.jpg
200,8362,,training/g/game_room/ADE_train_00008362.jpg,https://jarvis.ling.uni-potsdam.de/clp-pmvss21-1/jupyter/user/alatif/view/data/ImageCorpora/ADE20K_2016_07_26/images/training/g/game_room/ADE_train_00008362.jpg
201,11510,,training/l/living_room/ADE_train_00011510.jpg,https://jarvis.ling.uni-potsdam.de/clp-pmvss21-1/jupyter/user/alatif/view/data/ImageCorpora/ADE20K_2016_07_26/images/training/l/living_room/ADE_train_00011510.jpg
202,7104,,training/d/dining_room/ADE_train_00007104.jpg,https://jarvis.ling.uni-potsdam.de/clp-pmvss21-1/jupyter/user/alatif/view/data/ImageCorpora/ADE20K_2016_07_26/images/training/d/dining_room/ADE_train_00007104.jpg
203,15510,,training/p/poolroom/home/ADE_train_00015510.jpg,https://jarvis.ling.uni-potsdam.de/clp-pmvss21-1/jupyter/user/alatif/view/data/ImageCorpora/ADE20K_2016_07_26/images/training/p/poolroom/home/ADE_train_00015510.jpg
204,3594,,training/b/bedroom/ADE_train_00003594.jpg,https://jarvis.ling.uni-potsdam.de/clp-pmvss21-1/jupyter/user/alatif/view/data/ImageCorpora/ADE20K_2016_07_26/images/training/b/bedroom/ADE_train_00003594.jpg
205,10595,,training/k/kitchen/ADE_train_00010595.jpg,https://jarvis.ling.uni-potsdam.de/clp-pmvss21-1/jupyter/user/alatif/view/data/ImageCorpora/ADE20K_2016_07_26/images/training/k/kitchen/ADE_train_00010595.jpg
206,16739,,training/s/stable/ADE_train_00016739.jpg,https://jarvis.ling.uni-potsdam.de/clp-pmvss21-1/jupyter/user/alatif/view/data/ImageCorpora/ADE20K_2016_07_26/images/training/s/stable/ADE_train_00016739.jpg
207,15184,,training/p/parlor/ADE_train_00015184.jpg,https://jarvis.ling.uni-potsdam.de/clp-pmvss21-1/jupyter/user/alatif/view/data/ImageCorpora/ADE20K_2016_07_26/images/training/p/parlor/ADE_train_00015184.jpg
208,6776,,training/d/dinette/home/ADE_train_00006776.jpg,https://jarvis.ling.uni-potsdam.de/clp-pmvss21-1/jupyter/user/alatif/view/data/ImageCorpora/ADE20K_2016_07_26/images/training/d/dinette/home/ADE_train_00006776.jpg
209,7399,,training/d/dorm_room/ADE_train_00007399.jpg,https://jarvis.ling.uni-potsdam.de/clp-pmvss21-1/jupyter/user/alatif/view/data/ImageCorpora/ADE20K_2016_07_26/images/training/d/dorm_room/ADE_train_00007399.jpg
210,2859,,training/b/bathroom/ADE_train_00002859.jpg,https://jarvis.ling.uni-potsdam.de/clp-pmvss21-1/jupyter/user/alatif/view/data/ImageCorpora/ADE20K_2016_07_26/images/training/b/bathroom/ADE_train_00002859.jpg
211,3601,,training/b/bedroom/ADE_train_00003601.jpg,https://jarvis.ling.uni-potsdam.de/clp-pmvss21-1/jupyter/user/alatif/view/data/ImageCorpora/ADE20K_2016_07_26/images/training/b/bedroom/ADE_train_00003601.jpg
212,6756,,training/d/dinette/home/ADE_train_00006756.jpg,https://jarvis.ling.uni-potsdam.de/clp-pmvss21-1/jupyter/user/alatif/view/data/ImageCorpora/ADE20K_2016_07_26/images/training/d/dinette/home/ADE_train_00006756.jpg
213,9525,,training/h/hotel_room/ADE_train_00009525.jpg,https://jarvis.ling.uni-potsdam.de/clp-pmvss21-1/jupyter/user/alatif/view/data/ImageCorpora/ADE20K_2016_07_26/images/training/h/hotel_room/ADE_train_00009525.jpg
214,5522,,training/c/childs_room/ADE_train_00005522.jpg,https://jarvis.ling.uni-potsdam.de/clp-pmvss21-1/jupyter/user/alatif/view/data/ImageCorpora/ADE20K_2016_07_26/images/training/c/childs_room/ADE_train_00005522.jpg
215,168,,training/b/bathroom/ADE_train_00000168.jpg,https://jarvis.ling.uni-potsdam.de/clp-pmvss21-1/jupyter/user/alatif/view/data/ImageCorpora/ADE20K_2016_07_26/images/training/b/bathroom/ADE_train_00000168.jpg
216,10897,,training/l/laundromat/ADE_train_00010897.jpg,https://jarvis.ling.uni-potsdam.de/clp-pmvss21-1/jupyter/user/alatif/view/data/ImageCorpora/ADE20K_2016_07_26/images/training/l/laundromat/ADE_train_00010897.jpg
217,8421,,training/g/game_room/ADE_train_00008421.jpg,https://jarvis.ling.uni-potsdam.de/clp-pmvss21-1/jupyter/user/alatif/view/data/ImageCorpora/ADE20K_2016_07_26/images/training/g/game_room/ADE_train_00008421.jpg
218,10702,,training/k/kitchen/ADE_train_00010702.jpg,https://jarvis.ling.uni-potsdam.de/clp-pmvss21-1/jupyter/user/alatif/view/data/ImageCorpora/ADE20K_2016_07_26/images/training/k/kitchen/ADE_train_00010702.jpg
219,15410,,training/p/playroom/ADE_train_00015410.jpg,https://jarvis.ling.uni-potsdam.de/clp-pmvss21-1/jupyter/user/alatif/view/data/ImageCorpora/ADE20K_2016_07_26/images/training/p/playroom/ADE_train_00015410.jpg
220,10698,,training/k/kitchen/ADE_train_00010698.jpg,https://jarvis.ling.uni-potsdam.de/clp-pmvss21-1/jupyter/user/alatif/view/data/ImageCorpora/ADE20K_2016_07_26/images/training/k/kitchen/ADE_train_00010698.jpg
221,2772,,training/b/bathroom/ADE_train_00002772.jpg,https://jarvis.ling.uni-potsdam.de/clp-pmvss21-1/jupyter/user/alatif/view/data/ImageCorpora/ADE20K_2016_07_26/images/training/b/bathroom/ADE_train_00002772.jpg
222,2655,,training/b/bathroom/ADE_train_00002655.jpg,https://jarvis.ling.uni-potsdam.de/clp-pmvss21-1/jupyter/user/alatif/view/data/ImageCorpora/ADE20K_2016_07_26/images/training/b/bathroom/ADE_train_00002655.jpg
223,3363,,training/b/bedroom/ADE_train_00003363.jpg,https://jarvis.ling.uni-potsdam.de/clp-pmvss21-1/jupyter/user/alatif/view/data/ImageCorpora/ADE20K_2016_07_26/images/training/b/bedroom/ADE_train_00003363.jpg
224,7159,,training/d/dining_room/ADE_train_00007159.jpg,https://jarvis.ling.uni-potsdam.de/clp-pmvss21-1/jupyter/user/alatif/view/data/ImageCorpora/ADE20K_2016_07_26/images/training/d/dining_room/ADE_train_00007159.jpg
225,10544,,training/k/kitchen/ADE_train_00010544.jpg,https://jarvis.ling.uni-potsdam.de/clp-pmvss21-1/jupyter/user/alatif/view/data/ImageCorpora/ADE20K_2016_07_26/images/training/k/kitchen/ADE_train_00010544.jpg
226,751,,training/l/living_room/ADE_train_00000751.jpg,https://jarvis.ling.uni-potsdam.de/clp-pmvss21-1/jupyter/user/alatif/view/data/ImageCorpora/ADE20K_2016_07_26/images/training/l/living_room/ADE_train_00000751.jpg
227,6957,,training/d/dining_room/ADE_train_00006957.jpg,https://jarvis.ling.uni-potsdam.de/clp-pmvss21-1/jupyter/user/alatif/view/data/ImageCorpora/ADE20K_2016_07_26/images/training/d/dining_room/ADE_train_00006957.jpg
228,3746,,training/b/bedroom/ADE_train_00003746.jpg,https://jarvis.ling.uni-potsdam.de/clp-pmvss21-1/jupyter/user/alatif/view/data/ImageCorpora/ADE20K_2016_07_26/images/training/b/bedroom/ADE_train_00003746.jpg
229,101380,,validation/g/garage/indoor/ADE_val_00001380.jpg,https://jarvis.ling.uni-potsdam.de/clp-pmvss21-1/jupyter/user/alatif/view/data/ImageCorpora/ADE20K_2016_07_26/images/validation/g/garage/indoor/ADE_val_00001380.jpg
230,3002,,training/b/bathroom/ADE_train_00003002.jpg,https://jarvis.ling.uni-potsdam.de/clp-pmvss21-1/jupyter/user/alatif/view/data/ImageCorpora/ADE20K_2016_07_26/images/training/b/bathroom/ADE_train_00003002.jpg
231,11321,,training/l/living_room/ADE_train_00011321.jpg,https://jarvis.ling.uni-potsdam.de/clp-pmvss21-1/jupyter/user/alatif/view/data/ImageCorpora/ADE20K_2016_07_26/images/training/l/living_room/ADE_train_00011321.jpg
232,6902,,training/d/dining_room/ADE_train_00006902.jpg,https://jarvis.ling.uni-potsdam.de/clp-pmvss21-1/jupyter/user/alatif/view/data/ImageCorpora/ADE20K_2016_07_26/images/training/d/dining_room/ADE_train_00006902.jpg
233,10243,,training/k/kitchen/ADE_train_00010243.jpg,https://jarvis.ling.uni-potsdam.de/clp-pmvss21-1/jupyter/user/alatif/view/data/ImageCorpora/ADE20K_2016_07_26/images/training/k/kitchen/ADE_train_00010243.jpg
234,7405,,training/d/dorm_room/ADE_train_00007405.jpg,https://jarvis.ling.uni-potsdam.de/clp-pmvss21-1/jupyter/user/alatif/view/data/ImageCorpora/ADE20K_2016_07_26/images/training/d/dorm_room/ADE_train_00007405.jpg
235,101149,,validation/b/bedroom/ADE_val_00001149.jpg,https://jarvis.ling.uni-potsdam.de/clp-pmvss21-1/jupyter/user/alatif/view/data/ImageCorpora/ADE20K_2016_07_26/images/validation/b/bedroom/ADE_val_00001149.jpg
236,9384,,training/h/home_office/ADE_train_00009384.jpg,https://jarvis.ling.uni-potsdam.de/clp-pmvss21-1/jupyter/user/alatif/view/data/ImageCorpora/ADE20K_2016_07_26/images/training/h/home_office/ADE_train_00009384.jpg
237,1899,,training/a/attic/ADE_train_00001899.jpg,https://jarvis.ling.uni-potsdam.de/clp-pmvss21-1/jupyter/user/alatif/view/data/ImageCorpora/ADE20K_2016_07_26/images/training/a/attic/ADE_train_00001899.jpg
238,654,,training/l/living_room/ADE_train_00000654.jpg,https://jarvis.ling.uni-potsdam.de/clp-pmvss21-1/jupyter/user/alatif/view/data/ImageCorpora/ADE20K_2016_07_26/images/training/l/living_room/ADE_train_00000654.jpg
239,10257,,training/k/kitchen/ADE_train_00010257.jpg,https://jarvis.ling.uni-potsdam.de/clp-pmvss21-1/jupyter/user/alatif/view/data/ImageCorpora/ADE20K_2016_07_26/images/training/k/kitchen/ADE_train_00010257.jpg
240,646,,training/k/kitchen/ADE_train_00000646.jpg,https://jarvis.ling.uni-potsdam.de/clp-pmvss21-1/jupyter/user/alatif/view/data/ImageCorpora/ADE20K_2016_07_26/images/training/k/kitchen/ADE_train_00000646.jpg
241,10392,,training/k/kitchen/ADE_train_00010392.jpg,https://jarvis.ling.uni-potsdam.de/clp-pmvss21-1/jupyter/user/alatif/view/data/ImageCorpora/ADE20K_2016_07_26/images/training/k/kitchen/ADE_train_00010392.jpg
242,11110,,training/l/living_room/ADE_train_00011110.jpg,https://jarvis.ling.uni-potsdam.de/clp-pmvss21-1/jupyter/user/alatif/view/data/ImageCorpora/ADE20K_2016_07_26/images/training/l/living_room/ADE_train_00011110.jpg
243,6882,,training/d/dining_room/ADE_train_00006882.jpg,https://jarvis.ling.uni-potsdam.de/clp-pmvss21-1/jupyter/user/alatif/view/data/ImageCorpora/ADE20K_2016_07_26/images/training/d/dining_room/ADE_train_00006882.jpg
244,10889,,training/l/laundromat/ADE_train_00010889.jpg,https://jarvis.ling.uni-potsdam.de/clp-pmvss21-1/jupyter/user/alatif/view/data/ImageCorpora/ADE20K_2016_07_26/images/training/l/laundromat/ADE_train_00010889.jpg
245,6986,,training/d/dining_room/ADE_train_00006986.jpg,https://jarvis.ling.uni-potsdam.de/clp-pmvss21-1/jupyter/user/alatif/view/data/ImageCorpora/ADE20K_2016_07_26/images/training/d/dining_room/ADE_train_00006986.jpg
246,2940,,training/b/bathroom/ADE_train_00002940.jpg,https://jarvis.ling.uni-potsdam.de/clp-pmvss21-1/jupyter/user/alatif/view/data/ImageCorpora/ADE20K_2016_07_26/images/training/b/bathroom/ADE_train_00002940.jpg
247,10088,,training/k/kennel/indoor/ADE_train_00010088.jpg,https://jarvis.ling.uni-potsdam.de/clp-pmvss21-1/jupyter/user/alatif/view/data/ImageCorpora/ADE20K_2016_07_26/images/training/k/kennel/indoor/ADE_train_00010088.jpg
248,6921,,training/d/dining_room/ADE_train_00006921.jpg,https://jarvis.ling.uni-potsdam.de/clp-pmvss21-1/jupyter/user/alatif/view/data/ImageCorpora/ADE20K_2016_07_26/images/training/d/dining_room/ADE_train_00006921.jpg
249,10421,,training/k/kitchen/ADE_train_00010421.jpg,https://jarvis.ling.uni-potsdam.de/clp-pmvss21-1/jupyter/user/alatif/view/data/ImageCorpora/ADE20K_2016_07_26/images/training/k/kitchen/ADE_train_00010421.jpg
250,11269,,training/l/living_room/ADE_train_00011269.jpg,https://jarvis.ling.uni-potsdam.de/clp-pmvss21-1/jupyter/user/alatif/view/data/ImageCorpora/ADE20K_2016_07_26/images/training/l/living_room/ADE_train_00011269.jpg
251,57,,training/b/bathroom/ADE_train_00000057.jpg,https://jarvis.ling.uni-potsdam.de/clp-pmvss21-1/jupyter/user/alatif/view/data/ImageCorpora/ADE20K_2016_07_26/images/training/b/bathroom/ADE_train_00000057.jpg
252,9659,,training/h/hotel_room/ADE_train_00009659.jpg,https://jarvis.ling.uni-potsdam.de/clp-pmvss21-1/jupyter/user/alatif/view/data/ImageCorpora/ADE20K_2016_07_26/images/training/h/hotel_room/ADE_train_00009659.jpg
253,11462,,training/l/living_room/ADE_train_00011462.jpg,https://jarvis.ling.uni-potsdam.de/clp-pmvss21-1/jupyter/user/alatif/view/data/ImageCorpora/ADE20K_2016_07_26/images/training/l/living_room/ADE_train_00011462.jpg
254,7190,,training/d/dining_room/ADE_train_00007190.jpg,https://jarvis.ling.uni-potsdam.de/clp-pmvss21-1/jupyter/user/alatif/view/data/ImageCorpora/ADE20K_2016_07_26/images/training/d/dining_room/ADE_train_00007190.jpg
255,93,,training/b/bathroom/ADE_train_00000093.jpg,https://jarvis.ling.uni-potsdam.de/clp-pmvss21-1/jupyter/user/alatif/view/data/ImageCorpora/ADE20K_2016_07_26/images/training/b/bathroom/ADE_train_00000093.jpg
256,100303,,validation/d/dinette/home/ADE_val_00000303.jpg,https://jarvis.ling.uni-potsdam.de/clp-pmvss21-1/jupyter/user/alatif/view/data/ImageCorpora/ADE20K_2016_07_26/images/validation/d/dinette/home/ADE_val_00000303.jpg
257,101376,,validation/g/game_room/ADE_val_00001376.jpg,https://jarvis.ling.uni-potsdam.de/clp-pmvss21-1/jupyter/user/alatif/view/data/ImageCorpora/ADE20K_2016_07_26/images/validation/g/game_room/ADE_val_00001376.jpg
258,11477,,training/l/living_room/ADE_train_00011477.jpg,https://jarvis.ling.uni-potsdam.de/clp-pmvss21-1/jupyter/user/alatif/view/data/ImageCorpora/ADE20K_2016_07_26/images/training/l/living_room/ADE_train_00011477.jpg
259,17,,training/b/bathroom/ADE_train_00000017.jpg,https://jarvis.ling.uni-potsdam.de/clp-pmvss21-1/jupyter/user/alatif/view/data/ImageCorpora/ADE20K_2016_07_26/images/training/b/bathroom/ADE_train_00000017.jpg
260,11361,,training/l/living_room/ADE_train_00011361.jpg,https://jarvis.ling.uni-potsdam.de/clp-pmvss21-1/jupyter/user/alatif/view/data/ImageCorpora/ADE20K_2016_07_26/images/training/l/living_room/ADE_train_00011361.jpg
261,3910,,training/b/bedroom/ADE_train_00003910.jpg,https://jarvis.ling.uni-potsdam.de/clp-pmvss21-1/jupyter/user/alatif/view/data/ImageCorpora/ADE20K_2016_07_26/images/training/b/bedroom/ADE_train_00003910.jpg
262,595,,training/k/kitchen/ADE_train_00000595.jpg,https://jarvis.ling.uni-potsdam.de/clp-pmvss21-1/jupyter/user/alatif/view/data/ImageCorpora/ADE20K_2016_07_26/images/training/k/kitchen/ADE_train_00000595.jpg
263,100332,,validation/d/dorm_room/ADE_val_00000332.jpg,https://jarvis.ling.uni-potsdam.de/clp-pmvss21-1/jupyter/user/alatif/view/data/ImageCorpora/ADE20K_2016_07_26/images/validation/d/dorm_room/ADE_val_00000332.jpg
264,16808,,training/s/staircase/ADE_train_00016808.jpg,https://jarvis.ling.uni-potsdam.de/clp-pmvss21-1/jupyter/user/alatif/view/data/ImageCorpora/ADE20K_2016_07_26/images/training/s/staircase/ADE_train_00016808.jpg
265,11194,,training/l/living_room/ADE_train_00011194.jpg,https://jarvis.ling.uni-potsdam.de/clp-pmvss21-1/jupyter/user/alatif/view/data/ImageCorpora/ADE20K_2016_07_26/images/training/l/living_room/ADE_train_00011194.jpg
266,7067,,training/d/dining_room/ADE_train_00007067.jpg,https://jarvis.ling.uni-potsdam.de/clp-pmvss21-1/jupyter/user/alatif/view/data/ImageCorpora/ADE20K_2016_07_26/images/training/d/dining_room/ADE_train_00007067.jpg
267,11197,,training/l/living_room/ADE_train_00011197.jpg,https://jarvis.ling.uni-potsdam.de/clp-pmvss21-1/jupyter/user/alatif/view/data/ImageCorpora/ADE20K_2016_07_26/images/training/l/living_room/ADE_train_00011197.jpg
268,100506,,validation/l/living_room/ADE_val_00000506.jpg,https://jarvis.ling.uni-potsdam.de/clp-pmvss21-1/jupyter/user/alatif/view/data/ImageCorpora/ADE20K_2016_07_26/images/validation/l/living_room/ADE_val_00000506.jpg
269,3233,,training/b/bedroom/ADE_train_00003233.jpg,https://jarvis.ling.uni-potsdam.de/clp-pmvss21-1/jupyter/user/alatif/view/data/ImageCorpora/ADE20K_2016_07_26/images/training/b/bedroom/ADE_train_00003233.jpg
270,14967,,training/p/pantry/ADE_train_00014967.jpg,https://jarvis.ling.uni-potsdam.de/clp-pmvss21-1/jupyter/user/alatif/view/data/ImageCorpora/ADE20K_2016_07_26/images/training/p/pantry/ADE_train_00014967.jpg
271,2665,,training/b/bathroom/ADE_train_00002665.jpg,https://jarvis.ling.uni-potsdam.de/clp-pmvss21-1/jupyter/user/alatif/view/data/ImageCorpora/ADE20K_2016_07_26/images/training/b/bathroom/ADE_train_00002665.jpg
272,9534,,training/h/hotel_room/ADE_train_00009534.jpg,https://jarvis.ling.uni-potsdam.de/clp-pmvss21-1/jupyter/user/alatif/view/data/ImageCorpora/ADE20K_2016_07_26/images/training/h/hotel_room/ADE_train_00009534.jpg
273,6928,,training/d/dining_room/ADE_train_00006928.jpg,https://jarvis.ling.uni-potsdam.de/clp-pmvss21-1/jupyter/user/alatif/view/data/ImageCorpora/ADE20K_2016_07_26/images/training/d/dining_room/ADE_train_00006928.jpg
274,101716,,validation/p/poolroom/home/ADE_val_00001716.jpg,https://jarvis.ling.uni-potsdam.de/clp-pmvss21-1/jupyter/user/alatif/view/data/ImageCorpora/ADE20K_2016_07_26/images/validation/p/poolroom/home/ADE_val_00001716.jpg
275,3693,,training/b/bedroom/ADE_train_00003693.jpg,https://jarvis.ling.uni-potsdam.de/clp-pmvss21-1/jupyter/user/alatif/view/data/ImageCorpora/ADE20K_2016_07_26/images/training/b/bedroom/ADE_train_00003693.jpg
276,9573,,training/h/hotel_room/ADE_train_00009573.jpg,https://jarvis.ling.uni-potsdam.de/clp-pmvss21-1/jupyter/user/alatif/view/data/ImageCorpora/ADE20K_2016_07_26/images/training/h/hotel_room/ADE_train_00009573.jpg
277,772,,training/l/living_room/ADE_train_00000772.jpg,https://jarvis.ling.uni-potsdam.de/clp-pmvss21-1/jupyter/user/alatif/view/data/ImageCorpora/ADE20K_2016_07_26/images/training/l/living_room/ADE_train_00000772.jpg
278,90,,training/b/bathroom/ADE_train_00000090.jpg,https://jarvis.ling.uni-potsdam.de/clp-pmvss21-1/jupyter/user/alatif/view/data/ImageCorpora/ADE20K_2016_07_26/images/training/b/bathroom/ADE_train_00000090.jpg
279,101968,,validation/l/living_room/ADE_val_00001968.jpg,https://jarvis.ling.uni-potsdam.de/clp-pmvss21-1/jupyter/user/alatif/view/data/ImageCorpora/ADE20K_2016_07_26/images/validation/l/living_room/ADE_val_00001968.jpg
280,11096,,training/l/living_room/ADE_train_00011096.jpg,https://jarvis.ling.uni-potsdam.de/clp-pmvss21-1/jupyter/user/alatif/view/data/ImageCorpora/ADE20K_2016_07_26/images/training/l/living_room/ADE_train_00011096.jpg
281,10360,,training/k/kitchen/ADE_train_00010360.jpg,https://jarvis.ling.uni-potsdam.de/clp-pmvss21-1/jupyter/user/alatif/view/data/ImageCorpora/ADE20K_2016_07_26/images/training/k/kitchen/ADE_train_00010360.jpg
282,16795,,training/s/staircase/ADE_train_00016795.jpg,https://jarvis.ling.uni-potsdam.de/clp-pmvss21-1/jupyter/user/alatif/view/data/ImageCorpora/ADE20K_2016_07_26/images/training/s/staircase/ADE_train_00016795.jpg
283,544,,training/b/bedroom/ADE_train_00000544.jpg,https://jarvis.ling.uni-potsdam.de/clp-pmvss21-1/jupyter/user/alatif/view/data/ImageCorpora/ADE20K_2016_07_26/images/training/b/bedroom/ADE_train_00000544.jpg
284,2797,,training/b/bathroom/ADE_train_00002797.jpg,https://jarvis.ling.uni-potsdam.de/clp-pmvss21-1/jupyter/user/alatif/view/data/ImageCorpora/ADE20K_2016_07_26/images/training/b/bathroom/ADE_train_00002797.jpg
285,14990,,training/p/pantry/ADE_train_00014990.jpg,https://jarvis.ling.uni-potsdam.de/clp-pmvss21-1/jupyter/user/alatif/view/data/ImageCorpora/ADE20K_2016_07_26/images/training/p/pantry/ADE_train_00014990.jpg
286,2535,,training/b/bathroom/ADE_train_00002535.jpg,https://jarvis.ling.uni-potsdam.de/clp-pmvss21-1/jupyter/user/alatif/view/data/ImageCorpora/ADE20K_2016_07_26/images/training/b/bathroom/ADE_train_00002535.jpg
287,1911,,training/a/attic/ADE_train_00001911.jpg,https://jarvis.ling.uni-potsdam.de/clp-pmvss21-1/jupyter/user/alatif/view/data/ImageCorpora/ADE20K_2016_07_26/images/training/a/attic/ADE_train_00001911.jpg
288,11245,,training/l/living_room/ADE_train_00011245.jpg,https://jarvis.ling.uni-potsdam.de/clp-pmvss21-1/jupyter/user/alatif/view/data/ImageCorpora/ADE20K_2016_07_26/images/training/l/living_room/ADE_train_00011245.jpg
289,302,,training/b/bedroom/ADE_train_00000302.jpg,https://jarvis.ling.uni-potsdam.de/clp-pmvss21-1/jupyter/user/alatif/view/data/ImageCorpora/ADE20K_2016_07_26/images/training/b/bedroom/ADE_train_00000302.jpg
290,11302,,training/l/living_room/ADE_train_00011302.jpg,https://jarvis.ling.uni-potsdam.de/clp-pmvss21-1/jupyter/user/alatif/view/data/ImageCorpora/ADE20K_2016_07_26/images/training/l/living_room/ADE_train_00011302.jpg
291,15524,,training/p/poolroom/home/ADE_train_00015524.jpg,https://jarvis.ling.uni-potsdam.de/clp-pmvss21-1/jupyter/user/alatif/view/data/ImageCorpora/ADE20K_2016_07_26/images/training/p/poolroom/home/ADE_train_00015524.jpg
292,9625,,training/h/hotel_room/ADE_train_00009625.jpg,https://jarvis.ling.uni-potsdam.de/clp-pmvss21-1/jupyter/user/alatif/view/data/ImageCorpora/ADE20K_2016_07_26/images/training/h/hotel_room/ADE_train_00009625.jpg
293,392,,training/b/bedroom/ADE_train_00000392.jpg,https://jarvis.ling.uni-potsdam.de/clp-pmvss21-1/jupyter/user/alatif/view/data/ImageCorpora/ADE20K_2016_07_26/images/training/b/bedroom/ADE_train_00000392.jpg
294,176,,training/b/bathroom/ADE_train_00000176.jpg,https://jarvis.ling.uni-potsdam.de/clp-pmvss21-1/jupyter/user/alatif/view/data/ImageCorpora/ADE20K_2016_07_26/images/training/b/bathroom/ADE_train_00000176.jpg
295,100089,,validation/b/bathroom/ADE_val_00000089.jpg,https://jarvis.ling.uni-potsdam.de/clp-pmvss21-1/jupyter/user/alatif/view/data/ImageCorpora/ADE20K_2016_07_26/images/validation/b/bathroom/ADE_val_00000089.jpg
296,833,,training/l/living_room/ADE_train_00000833.jpg,https://jarvis.ling.uni-potsdam.de/clp-pmvss21-1/jupyter/user/alatif/view/data/ImageCorpora/ADE20K_2016_07_26/images/training/l/living_room/ADE_train_00000833.jpg
297,507,,training/b/bedroom/ADE_train_00000507.jpg,https://jarvis.ling.uni-potsdam.de/clp-pmvss21-1/jupyter/user/alatif/view/data/ImageCorpora/ADE20K_2016_07_26/images/training/b/bedroom/ADE_train_00000507.jpg
298,6981,,training/d/dining_room/ADE_train_00006981.jpg,https://jarvis.ling.uni-potsdam.de/clp-pmvss21-1/jupyter/user/alatif/view/data/ImageCorpora/ADE20K_2016_07_26/images/training/d/dining_room/ADE_train_00006981.jpg
299,10219,,training/k/kitchen/ADE_train_00010219.jpg,https://jarvis.ling.uni-potsdam.de/clp-pmvss21-1/jupyter/user/alatif/view/data/ImageCorpora/ADE20K_2016_07_26/images/training/k/kitchen/ADE_train_00010219.jpg
300,2567,,training/b/bathroom/ADE_train_00002567.jpg,https://jarvis.ling.uni-potsdam.de/clp-pmvss21-1/jupyter/user/alatif/view/data/ImageCorpora/ADE20K_2016_07_26/images/training/b/bathroom/ADE_train_00002567.jpg
301,3887,,training/b/bedroom/ADE_train_00003887.jpg,https://jarvis.ling.uni-potsdam.de/clp-pmvss21-1/jupyter/user/alatif/view/data/ImageCorpora/ADE20K_2016_07_26/images/training/b/bedroom/ADE_train_00003887.jpg
302,10613,,training/k/kitchen/ADE_train_00010613.jpg,https://jarvis.ling.uni-potsdam.de/clp-pmvss21-1/jupyter/user/alatif/view/data/ImageCorpora/ADE20K_2016_07_26/images/training/k/kitchen/ADE_train_00010613.jpg
303,9358,,training/h/home_office/ADE_train_00009358.jpg,https://jarvis.ling.uni-potsdam.de/clp-pmvss21-1/jupyter/user/alatif/view/data/ImageCorpora/ADE20K_2016_07_26/images/training/h/home_office/ADE_train_00009358.jpg
304,11236,,training/l/living_room/ADE_train_00011236.jpg,https://jarvis.ling.uni-potsdam.de/clp-pmvss21-1/jupyter/user/alatif/view/data/ImageCorpora/ADE20K_2016_07_26/images/training/l/living_room/ADE_train_00011236.jpg
305,10673,,training/k/kitchen/ADE_train_00010673.jpg,https://jarvis.ling.uni-potsdam.de/clp-pmvss21-1/jupyter/user/alatif/view/data/ImageCorpora/ADE20K_2016_07_26/images/training/k/kitchen/ADE_train_00010673.jpg
306,100097,,validation/b/bathroom/ADE_val_00000097.jpg,https://jarvis.ling.uni-potsdam.de/clp-pmvss21-1/jupyter/user/alatif/view/data/ImageCorpora/ADE20K_2016_07_26/images/validation/b/bathroom/ADE_val_00000097.jpg
307,10631,,training/k/kitchen/ADE_train_00010631.jpg,https://jarvis.ling.uni-potsdam.de/clp-pmvss21-1/jupyter/user/alatif/view/data/ImageCorpora/ADE20K_2016_07_26/images/training/k/kitchen/ADE_train_00010631.jpg
308,7150,,training/d/dining_room/ADE_train_00007150.jpg,https://jarvis.ling.uni-potsdam.de/clp-pmvss21-1/jupyter/user/alatif/view/data/ImageCorpora/ADE20K_2016_07_26/images/training/d/dining_room/ADE_train_00007150.jpg
309,15210,,training/p/parlor/ADE_train_00015210.jpg,https://jarvis.ling.uni-potsdam.de/clp-pmvss21-1/jupyter/user/alatif/view/data/ImageCorpora/ADE20K_2016_07_26/images/training/p/parlor/ADE_train_00015210.jpg
310,4227,,training/b/bedroom/ADE_train_00004227.jpg,https://jarvis.ling.uni-potsdam.de/clp-pmvss21-1/jupyter/user/alatif/view/data/ImageCorpora/ADE20K_2016_07_26/images/training/b/bedroom/ADE_train_00004227.jpg
311,5756,,training/c/closet/ADE_train_00005756.jpg,https://jarvis.ling.uni-potsdam.de/clp-pmvss21-1/jupyter/user/alatif/view/data/ImageCorpora/ADE20K_2016_07_26/images/training/c/closet/ADE_train_00005756.jpg
312,10180,,training/k/kitchen/ADE_train_00010180.jpg,https://jarvis.ling.uni-potsdam.de/clp-pmvss21-1/jupyter/user/alatif/view/data/ImageCorpora/ADE20K_2016_07_26/images/training/k/kitchen/ADE_train_00010180.jpg
313,8356,,training/g/game_room/ADE_train_00008356.jpg,https://jarvis.ling.uni-potsdam.de/clp-pmvss21-1/jupyter/user/alatif/view/data/ImageCorpora/ADE20K_2016_07_26/images/training/g/game_room/ADE_train_00008356.jpg
314,101331,,validation/d/dorm_room/ADE_val_00001331.jpg,https://jarvis.ling.uni-potsdam.de/clp-pmvss21-1/jupyter/user/alatif/view/data/ImageCorpora/ADE20K_2016_07_26/images/validation/d/dorm_room/ADE_val_00001331.jpg
315,8346,,training/g/game_room/ADE_train_00008346.jpg,https://jarvis.ling.uni-potsdam.de/clp-pmvss21-1/jupyter/user/alatif/view/data/ImageCorpora/ADE20K_2016_07_26/images/training/g/game_room/ADE_train_00008346.jpg
316,100966,,validation/l/living_room/ADE_val_00000966.jpg,https://jarvis.ling.uni-potsdam.de/clp-pmvss21-1/jupyter/user/alatif/view/data/ImageCorpora/ADE20K_2016_07_26/images/validation/l/living_room/ADE_val_00000966.jpg
317,11352,,training/l/living_room/ADE_train_00011352.jpg,https://jarvis.ling.uni-potsdam.de/clp-pmvss21-1/jupyter/user/alatif/view/data/ImageCorpora/ADE20K_2016_07_26/images/training/l/living_room/ADE_train_00011352.jpg
318,11381,,training/l/living_room/ADE_train_00011381.jpg,https://jarvis.ling.uni-potsdam.de/clp-pmvss21-1/jupyter/user/alatif/view/data/ImageCorpora/ADE20K_2016_07_26/images/training/l/living_room/ADE_train_00011381.jpg
319,100963,,validation/k/kitchen/ADE_val_00000963.jpg,https://jarvis.ling.uni-potsdam.de/clp-pmvss21-1/jupyter/user/alatif/view/data/ImageCorpora/ADE20K_2016_07_26/images/validation/k/kitchen/ADE_val_00000963.jpg
320,10333,,training/k/kitchen/ADE_train_00010333.jpg,https://jarvis.ling.uni-potsdam.de/clp-pmvss21-1/jupyter/user/alatif/view/data/ImageCorpora/ADE20K_2016_07_26/images/training/k/kitchen/ADE_train_00010333.jpg
321,2840,,training/b/bathroom/ADE_train_00002840.jpg,https://jarvis.ling.uni-potsdam.de/clp-pmvss21-1/jupyter/user/alatif/view/data/ImageCorpora/ADE20K_2016_07_26/images/training/b/bathroom/ADE_train_00002840.jpg
322,101478,,validation/k/kitchen/ADE_val_00001478.jpg,https://jarvis.ling.uni-potsdam.de/clp-pmvss21-1/jupyter/user/alatif/view/data/ImageCorpora/ADE20K_2016_07_26/images/validation/k/kitchen/ADE_val_00001478.jpg
323,6860,,training/d/dining_room/ADE_train_00006860.jpg,https://jarvis.ling.uni-potsdam.de/clp-pmvss21-1/jupyter/user/alatif/view/data/ImageCorpora/ADE20K_2016_07_26/images/training/d/dining_room/ADE_train_00006860.jpg
324,7184,,training/d/dining_room/ADE_train_00007184.jpg,https://jarvis.ling.uni-potsdam.de/clp-pmvss21-1/jupyter/user/alatif/view/data/ImageCorpora/ADE20K_2016_07_26/images/training/d/dining_room/ADE_train_00007184.jpg
325,5761,,training/c/closet/ADE_train_00005761.jpg,https://jarvis.ling.uni-potsdam.de/clp-pmvss21-1/jupyter/user/alatif/view/data/ImageCorpora/ADE20K_2016_07_26/images/training/c/closet/ADE_train_00005761.jpg
326,2647,,training/b/bathroom/ADE_train_00002647.jpg,https://jarvis.ling.uni-potsdam.de/clp-pmvss21-1/jupyter/user/alatif/view/data/ImageCorpora/ADE20K_2016_07_26/images/training/b/bathroom/ADE_train_00002647.jpg
327,9399,,training/h/home_office/ADE_train_00009399.jpg,https://jarvis.ling.uni-potsdam.de/clp-pmvss21-1/jupyter/user/alatif/view/data/ImageCorpora/ADE20K_2016_07_26/images/training/h/home_office/ADE_train_00009399.jpg
328,11178,,training/l/living_room/ADE_train_00011178.jpg,https://jarvis.ling.uni-potsdam.de/clp-pmvss21-1/jupyter/user/alatif/view/data/ImageCorpora/ADE20K_2016_07_26/images/training/l/living_room/ADE_train_00011178.jpg
329,679,,training/l/living_room/ADE_train_00000679.jpg,https://jarvis.ling.uni-potsdam.de/clp-pmvss21-1/jupyter/user/alatif/view/data/ImageCorpora/ADE20K_2016_07_26/images/training/l/living_room/ADE_train_00000679.jpg
330,101506,,validation/l/living_room/ADE_val_00001506.jpg,https://jarvis.ling.uni-potsdam.de/clp-pmvss21-1/jupyter/user/alatif/view/data/ImageCorpora/ADE20K_2016_07_26/images/validation/l/living_room/ADE_val_00001506.jpg
331,71,,training/b/bathroom/ADE_train_00000071.jpg,https://jarvis.ling.uni-potsdam.de/clp-pmvss21-1/jupyter/user/alatif/view/data/ImageCorpora/ADE20K_2016_07_26/images/training/b/bathroom/ADE_train_00000071.jpg
332,10566,,training/k/kitchen/ADE_train_00010566.jpg,https://jarvis.ling.uni-potsdam.de/clp-pmvss21-1/jupyter/user/alatif/view/data/ImageCorpora/ADE20K_2016_07_26/images/training/k/kitchen/ADE_train_00010566.jpg
333,14991,,training/p/pantry/ADE_train_00014991.jpg,https://jarvis.ling.uni-potsdam.de/clp-pmvss21-1/jupyter/user/alatif/view/data/ImageCorpora/ADE20K_2016_07_26/images/training/p/pantry/ADE_train_00014991.jpg
334,2811,,training/b/bathroom/ADE_train_00002811.jpg,https://jarvis.ling.uni-potsdam.de/clp-pmvss21-1/jupyter/user/alatif/view/data/ImageCorpora/ADE20K_2016_07_26/images/training/b/bathroom/ADE_train_00002811.jpg
335,16798,,training/s/staircase/ADE_train_00016798.jpg,https://jarvis.ling.uni-potsdam.de/clp-pmvss21-1/jupyter/user/alatif/view/data/ImageCorpora/ADE20K_2016_07_26/images/training/s/staircase/ADE_train_00016798.jpg
336,11159,,training/l/living_room/ADE_train_00011159.jpg,https://jarvis.ling.uni-potsdam.de/clp-pmvss21-1/jupyter/user/alatif/view/data/ImageCorpora/ADE20K_2016_07_26/images/training/l/living_room/ADE_train_00011159.jpg
337,20052,,training/w/wine_cellar/barrel_storage/ADE_train_00020052.jpg,https://jarvis.ling.uni-potsdam.de/clp-pmvss21-1/jupyter/user/alatif/view/data/ImageCorpora/ADE20K_2016_07_26/images/training/w/wine_cellar/barrel_storage/ADE_train_00020052.jpg
338,3220,,training/b/bedroom/ADE_train_00003220.jpg,https://jarvis.ling.uni-potsdam.de/clp-pmvss21-1/jupyter/user/alatif/view/data/ImageCorpora/ADE20K_2016_07_26/images/training/b/bedroom/ADE_train_00003220.jpg
339,11177,,training/l/living_room/ADE_train_00011177.jpg,https://jarvis.ling.uni-potsdam.de/clp-pmvss21-1/jupyter/user/alatif/view/data/ImageCorpora/ADE20K_2016_07_26/images/training/l/living_room/ADE_train_00011177.jpg
340,2877,,training/b/bathroom/ADE_train_00002877.jpg,https://jarvis.ling.uni-potsdam.de/clp-pmvss21-1/jupyter/user/alatif/view/data/ImageCorpora/ADE20K_2016_07_26/images/training/b/bathroom/ADE_train_00002877.jpg
341,10247,,training/k/kitchen/ADE_train_00010247.jpg,https://jarvis.ling.uni-potsdam.de/clp-pmvss21-1/jupyter/user/alatif/view/data/ImageCorpora/ADE20K_2016_07_26/images/training/k/kitchen/ADE_train_00010247.jpg
342,7210,,training/d/dining_room/ADE_train_00007210.jpg,https://jarvis.ling.uni-potsdam.de/clp-pmvss21-1/jupyter/user/alatif/view/data/ImageCorpora/ADE20K_2016_07_26/images/training/d/dining_room/ADE_train_00007210.jpg
343,653,,training/l/living_room/ADE_train_00000653.jpg,https://jarvis.ling.uni-potsdam.de/clp-pmvss21-1/jupyter/user/alatif/view/data/ImageCorpora/ADE20K_2016_07_26/images/training/l/living_room/ADE_train_00000653.jpg
344,3337,,training/b/bedroom/ADE_train_00003337.jpg,https://jarvis.ling.uni-potsdam.de/clp-pmvss21-1/jupyter/user/alatif/view/data/ImageCorpora/ADE20K_2016_07_26/images/training/b/bedroom/ADE_train_00003337.jpg
345,11243,,training/l/living_room/ADE_train_00011243.jpg,https://jarvis.ling.uni-potsdam.de/clp-pmvss21-1/jupyter/user/alatif/view/data/ImageCorpora/ADE20K_2016_07_26/images/training/l/living_room/ADE_train_00011243.jpg
346,2725,,training/b/bathroom/ADE_train_00002725.jpg,https://jarvis.ling.uni-potsdam.de/clp-pmvss21-1/jupyter/user/alatif/view/data/ImageCorpora/ADE20K_2016_07_26/images/training/b/bathroom/ADE_train_00002725.jpg
347,10454,,training/k/kitchen/ADE_train_00010454.jpg,https://jarvis.ling.uni-potsdam.de/clp-pmvss21-1/jupyter/user/alatif/view/data/ImageCorpora/ADE20K_2016_07_26/images/training/k/kitchen/ADE_train_00010454.jpg
348,15151,,training/p/parlor/ADE_train_00015151.jpg,https://jarvis.ling.uni-potsdam.de/clp-pmvss21-1/jupyter/user/alatif/view/data/ImageCorpora/ADE20K_2016_07_26/images/training/p/parlor/ADE_train_00015151.jpg
349,7095,,training/d/dining_room/ADE_train_00007095.jpg,https://jarvis.ling.uni-potsdam.de/clp-pmvss21-1/jupyter/user/alatif/view/data/ImageCorpora/ADE20K_2016_07_26/images/training/d/dining_room/ADE_train_00007095.jpg
350,10426,,training/k/kitchen/ADE_train_00010426.jpg,https://jarvis.ling.uni-potsdam.de/clp-pmvss21-1/jupyter/user/alatif/view/data/ImageCorpora/ADE20K_2016_07_26/images/training/k/kitchen/ADE_train_00010426.jpg
351,2882,,training/b/bathroom/ADE_train_00002882.jpg,https://jarvis.ling.uni-potsdam.de/clp-pmvss21-1/jupyter/user/alatif/view/data/ImageCorpora/ADE20K_2016_07_26/images/training/b/bathroom/ADE_train_00002882.jpg
352,7012,,training/d/dining_room/ADE_train_00007012.jpg,https://jarvis.ling.uni-potsdam.de/clp-pmvss21-1/jupyter/user/alatif/view/data/ImageCorpora/ADE20K_2016_07_26/images/training/d/dining_room/ADE_train_00007012.jpg
353,101421,,validation/h/home_office/ADE_val_00001421.jpg,https://jarvis.ling.uni-potsdam.de/clp-pmvss21-1/jupyter/user/alatif/view/data/ImageCorpora/ADE20K_2016_07_26/images/validation/h/home_office/ADE_val_00001421.jpg
354,2886,,training/b/bathroom/ADE_train_00002886.jpg,https://jarvis.ling.uni-potsdam.de/clp-pmvss21-1/jupyter/user/alatif/view/data/ImageCorpora/ADE20K_2016_07_26/images/training/b/bathroom/ADE_train_00002886.jpg
355,11333,,training/l/living_room/ADE_train_00011333.jpg,https://jarvis.ling.uni-potsdam.de/clp-pmvss21-1/jupyter/user/alatif/view/data/ImageCorpora/ADE20K_2016_07_26/images/training/l/living_room/ADE_train_00011333.jpg
356,7189,,training/d/dining_room/ADE_train_00007189.jpg,https://jarvis.ling.uni-potsdam.de/clp-pmvss21-1/jupyter/user/alatif/view/data/ImageCorpora/ADE20K_2016_07_26/images/training/d/dining_room/ADE_train_00007189.jpg
357,20062,,training/w/wine_cellar/bottle_storage/ADE_train_00020062.jpg,https://jarvis.ling.uni-potsdam.de/clp-pmvss21-1/jupyter/user/alatif/view/data/ImageCorpora/ADE20K_2016_07_26/images/training/w/wine_cellar/bottle_storage/ADE_train_00020062.jpg
358,10722,,training/k/kitchen/ADE_train_00010722.jpg,https://jarvis.ling.uni-potsdam.de/clp-pmvss21-1/jupyter/user/alatif/view/data/ImageCorpora/ADE20K_2016_07_26/images/training/k/kitchen/ADE_train_00010722.jpg
359,637,,training/k/kitchen/ADE_train_00000637.jpg,https://jarvis.ling.uni-potsdam.de/clp-pmvss21-1/jupyter/user/alatif/view/data/ImageCorpora/ADE20K_2016_07_26/images/training/k/kitchen/ADE_train_00000637.jpg
360,91,,training/b/bathroom/ADE_train_00000091.jpg,https://jarvis.ling.uni-potsdam.de/clp-pmvss21-1/jupyter/user/alatif/view/data/ImageCorpora/ADE20K_2016_07_26/images/training/b/bathroom/ADE_train_00000091.jpg
361,2489,,training/b/basement/ADE_train_00002489.jpg,https://jarvis.ling.uni-potsdam.de/clp-pmvss21-1/jupyter/user/alatif/view/data/ImageCorpora/ADE20K_2016_07_26/images/training/b/basement/ADE_train_00002489.jpg
362,100373,,validation/g/game_room/ADE_val_00000373.jpg,https://jarvis.ling.uni-potsdam.de/clp-pmvss21-1/jupyter/user/alatif/view/data/ImageCorpora/ADE20K_2016_07_26/images/validation/g/game_room/ADE_val_00000373.jpg
363,2989,,training/b/bathroom/ADE_train_00002989.jpg,https://jarvis.ling.uni-potsdam.de/clp-pmvss21-1/jupyter/user/alatif/view/data/ImageCorpora/ADE20K_2016_07_26/images/training/b/bathroom/ADE_train_00002989.jpg
364,15776,,training/r/recreation_room/ADE_train_00015776.jpg,https://jarvis.ling.uni-potsdam.de/clp-pmvss21-1/jupyter/user/alatif/view/data/ImageCorpora/ADE20K_2016_07_26/images/training/r/recreation_room/ADE_train_00015776.jpg
365,877,,training/l/living_room/ADE_train_00000877.jpg,https://jarvis.ling.uni-potsdam.de/clp-pmvss21-1/jupyter/user/alatif/view/data/ImageCorpora/ADE20K_2016_07_26/images/training/l/living_room/ADE_train_00000877.jpg
366,9401,,training/h/home_office/ADE_train_00009401.jpg,https://jarvis.ling.uni-potsdam.de/clp-pmvss21-1/jupyter/user/alatif/view/data/ImageCorpora/ADE20K_2016_07_26/images/training/h/home_office/ADE_train_00009401.jpg
367,15512,,training/p/poolroom/home/ADE_train_00015512.jpg,https://jarvis.ling.uni-potsdam.de/clp-pmvss21-1/jupyter/user/alatif/view/data/ImageCorpora/ADE20K_2016_07_26/images/training/p/poolroom/home/ADE_train_00015512.jpg
368,10364,,training/k/kitchen/ADE_train_00010364.jpg,https://jarvis.ling.uni-potsdam.de/clp-pmvss21-1/jupyter/user/alatif/view/data/ImageCorpora/ADE20K_2016_07_26/images/training/k/kitchen/ADE_train_00010364.jpg
369,100048,,validation/a/attic/ADE_val_00000048.jpg,https://jarvis.ling.uni-potsdam.de/clp-pmvss21-1/jupyter/user/alatif/view/data/ImageCorpora/ADE20K_2016_07_26/images/validation/a/attic/ADE_val_00000048.jpg
370,3641,,training/b/bedroom/ADE_train_00003641.jpg,https://jarvis.ling.uni-potsdam.de/clp-pmvss21-1/jupyter/user/alatif/view/data/ImageCorpora/ADE20K_2016_07_26/images/training/b/bedroom/ADE_train_00003641.jpg
371,2897,,training/b/bathroom/ADE_train_00002897.jpg,https://jarvis.ling.uni-potsdam.de/clp-pmvss21-1/jupyter/user/alatif/view/data/ImageCorpora/ADE20K_2016_07_26/images/training/b/bathroom/ADE_train_00002897.jpg
372,645,,training/k/kitchen/ADE_train_00000645.jpg,https://jarvis.ling.uni-potsdam.de/clp-pmvss21-1/jupyter/user/alatif/view/data/ImageCorpora/ADE20K_2016_07_26/images/training/k/kitchen/ADE_train_00000645.jpg
373,3360,,training/b/bedroom/ADE_train_00003360.jpg,https://jarvis.ling.uni-potsdam.de/clp-pmvss21-1/jupyter/user/alatif/view/data/ImageCorpora/ADE20K_2016_07_26/images/training/b/bedroom/ADE_train_00003360.jpg
374,3011,,training/b/bathroom/ADE_train_00003011.jpg,https://jarvis.ling.uni-potsdam.de/clp-pmvss21-1/jupyter/user/alatif/view/data/ImageCorpora/ADE20K_2016_07_26/images/training/b/bathroom/ADE_train_00003011.jpg
375,869,,training/l/living_room/ADE_train_00000869.jpg,https://jarvis.ling.uni-potsdam.de/clp-pmvss21-1/jupyter/user/alatif/view/data/ImageCorpora/ADE20K_2016_07_26/images/training/l/living_room/ADE_train_00000869.jpg
376,2593,,training/b/bathroom/ADE_train_00002593.jpg,https://jarvis.ling.uni-potsdam.de/clp-pmvss21-1/jupyter/user/alatif/view/data/ImageCorpora/ADE20K_2016_07_26/images/training/b/bathroom/ADE_train_00002593.jpg
377,6946,,training/d/dining_room/ADE_train_00006946.jpg,https://jarvis.ling.uni-potsdam.de/clp-pmvss21-1/jupyter/user/alatif/view/data/ImageCorpora/ADE20K_2016_07_26/images/training/d/dining_room/ADE_train_00006946.jpg
378,101429,,validation/h/hotel_room/ADE_val_00001429.jpg,https://jarvis.ling.uni-potsdam.de/clp-pmvss21-1/jupyter/user/alatif/view/data/ImageCorpora/ADE20K_2016_07_26/images/validation/h/hotel_room/ADE_val_00001429.jpg
379,6775,,training/d/dinette/home/ADE_train_00006775.jpg,https://jarvis.ling.uni-potsdam.de/clp-pmvss21-1/jupyter/user/alatif/view/data/ImageCorpora/ADE20K_2016_07_26/images/training/d/dinette/home/ADE_train_00006775.jpg
380,273,,training/b/bedroom/ADE_train_00000273.jpg,https://jarvis.ling.uni-potsdam.de/clp-pmvss21-1/jupyter/user/alatif/view/data/ImageCorpora/ADE20K_2016_07_26/images/training/b/bedroom/ADE_train_00000273.jpg
381,11337,,training/l/living_room/ADE_train_00011337.jpg,https://jarvis.ling.uni-potsdam.de/clp-pmvss21-1/jupyter/user/alatif/view/data/ImageCorpora/ADE20K_2016_07_26/images/training/l/living_room/ADE_train_00011337.jpg
382,10596,,training/k/kitchen/ADE_train_00010596.jpg,https://jarvis.ling.uni-potsdam.de/clp-pmvss21-1/jupyter/user/alatif/view/data/ImageCorpora/ADE20K_2016_07_26/images/training/k/kitchen/ADE_train_00010596.jpg
383,2650,,training/b/bathroom/ADE_train_00002650.jpg,https://jarvis.ling.uni-potsdam.de/clp-pmvss21-1/jupyter/user/alatif/view/data/ImageCorpora/ADE20K_2016_07_26/images/training/b/bathroom/ADE_train_00002650.jpg
384,1907,,training/a/attic/ADE_train_00001907.jpg,https://jarvis.ling.uni-potsdam.de/clp-pmvss21-1/jupyter/user/alatif/view/data/ImageCorpora/ADE20K_2016_07_26/images/training/a/attic/ADE_train_00001907.jpg
385,3531,,training/b/bedroom/ADE_train_00003531.jpg,https://jarvis.ling.uni-potsdam.de/clp-pmvss21-1/jupyter/user/alatif/view/data/ImageCorpora/ADE20K_2016_07_26/images/training/b/bedroom/ADE_train_00003531.jpg
386,3736,,training/b/bedroom/ADE_train_00003736.jpg,https://jarvis.ling.uni-potsdam.de/clp-pmvss21-1/jupyter/user/alatif/view/data/ImageCorpora/ADE20K_2016_07_26/images/training/b/bedroom/ADE_train_00003736.jpg
387,6897,,training/d/dining_room/ADE_train_00006897.jpg,https://jarvis.ling.uni-potsdam.de/clp-pmvss21-1/jupyter/user/alatif/view/data/ImageCorpora/ADE20K_2016_07_26/images/training/d/dining_room/ADE_train_00006897.jpg
388,3520,,training/b/bedroom/ADE_train_00003520.jpg,https://jarvis.ling.uni-potsdam.de/clp-pmvss21-1/jupyter/user/alatif/view/data/ImageCorpora/ADE20K_2016_07_26/images/training/b/bedroom/ADE_train_00003520.jpg
389,10891,,training/l/laundromat/ADE_train_00010891.jpg,https://jarvis.ling.uni-potsdam.de/clp-pmvss21-1/jupyter/user/alatif/view/data/ImageCorpora/ADE20K_2016_07_26/images/training/l/laundromat/ADE_train_00010891.jpg
390,10518,,training/k/kitchen/ADE_train_00010518.jpg,https://jarvis.ling.uni-potsdam.de/clp-pmvss21-1/jupyter/user/alatif/view/data/ImageCorpora/ADE20K_2016_07_26/images/training/k/kitchen/ADE_train_00010518.jpg
391,7175,,training/d/dining_room/ADE_train_00007175.jpg,https://jarvis.ling.uni-potsdam.de/clp-pmvss21-1/jupyter/user/alatif/view/data/ImageCorpora/ADE20K_2016_07_26/images/training/d/dining_room/ADE_train_00007175.jpg
392,2722,,training/b/bathroom/ADE_train_00002722.jpg,https://jarvis.ling.uni-potsdam.de/clp-pmvss21-1/jupyter/user/alatif/view/data/ImageCorpora/ADE20K_2016_07_26/images/training/b/bathroom/ADE_train_00002722.jpg
393,419,,training/b/bedroom/ADE_train_00000419.jpg,https://jarvis.ling.uni-potsdam.de/clp-pmvss21-1/jupyter/user/alatif/view/data/ImageCorpora/ADE20K_2016_07_26/images/training/b/bedroom/ADE_train_00000419.jpg
394,7248,,training/d/dining_room/ADE_train_00007248.jpg,https://jarvis.ling.uni-potsdam.de/clp-pmvss21-1/jupyter/user/alatif/view/data/ImageCorpora/ADE20K_2016_07_26/images/training/d/dining_room/ADE_train_00007248.jpg
395,10288,,training/k/kitchen/ADE_train_00010288.jpg,https://jarvis.ling.uni-potsdam.de/clp-pmvss21-1/jupyter/user/alatif/view/data/ImageCorpora/ADE20K_2016_07_26/images/training/k/kitchen/ADE_train_00010288.jpg
396,100133,,validation/b/bedroom/ADE_val_00000133.jpg,https://jarvis.ling.uni-potsdam.de/clp-pmvss21-1/jupyter/user/alatif/view/data/ImageCorpora/ADE20K_2016_07_26/images/validation/b/bedroom/ADE_val_00000133.jpg
397,11244,,training/l/living_room/ADE_train_00011244.jpg,https://jarvis.ling.uni-potsdam.de/clp-pmvss21-1/jupyter/user/alatif/view/data/ImageCorpora/ADE20K_2016_07_26/images/training/l/living_room/ADE_train_00011244.jpg
398,6985,,training/d/dining_room/ADE_train_00006985.jpg,https://jarvis.ling.uni-potsdam.de/clp-pmvss21-1/jupyter/user/alatif/view/data/ImageCorpora/ADE20K_2016_07_26/images/training/d/dining_room/ADE_train_00006985.jpg
399,7088,,training/d/dining_room/ADE_train_00007088.jpg,https://jarvis.ling.uni-potsdam.de/clp-pmvss21-1/jupyter/user/alatif/view/data/ImageCorpora/ADE20K_2016_07_26/images/training/d/dining_room/ADE_train_00007088.jpg
400,9643,,training/h/hotel_room/ADE_train_00009643.jpg,https://jarvis.ling.uni-potsdam.de/clp-pmvss21-1/jupyter/user/alatif/view/data/ImageCorpora/ADE20K_2016_07_26/images/training/h/hotel_room/ADE_train_00009643.jpg
401,3559,,training/b/bedroom/ADE_train_00003559.jpg,https://jarvis.ling.uni-potsdam.de/clp-pmvss21-1/jupyter/user/alatif/view/data/ImageCorpora/ADE20K_2016_07_26/images/training/b/bedroom/ADE_train_00003559.jpg
402,10748,,training/k/kitchenette/ADE_train_00010748.jpg,https://jarvis.ling.uni-potsdam.de/clp-pmvss21-1/jupyter/user/alatif/view/data/ImageCorpora/ADE20K_2016_07_26/images/training/k/kitchenette/ADE_train_00010748.jpg
403,11252,,training/l/living_room/ADE_train_00011252.jpg,https://jarvis.ling.uni-potsdam.de/clp-pmvss21-1/jupyter/user/alatif/view/data/ImageCorpora/ADE20K_2016_07_26/images/training/l/living_room/ADE_train_00011252.jpg
404,10541,,training/k/kitchen/ADE_train_00010541.jpg,https://jarvis.ling.uni-potsdam.de/clp-pmvss21-1/jupyter/user/alatif/view/data/ImageCorpora/ADE20K_2016_07_26/images/training/k/kitchen/ADE_train_00010541.jpg
405,20145,,training/y/youth_hostel/ADE_train_00020145.jpg,https://jarvis.ling.uni-potsdam.de/clp-pmvss21-1/jupyter/user/alatif/view/data/ImageCorpora/ADE20K_2016_07_26/images/training/y/youth_hostel/ADE_train_00020145.jpg
406,11442,,training/l/living_room/ADE_train_00011442.jpg,https://jarvis.ling.uni-potsdam.de/clp-pmvss21-1/jupyter/user/alatif/view/data/ImageCorpora/ADE20K_2016_07_26/images/training/l/living_room/ADE_train_00011442.jpg
407,9678,,training/h/hotel_room/ADE_train_00009678.jpg,https://jarvis.ling.uni-potsdam.de/clp-pmvss21-1/jupyter/user/alatif/view/data/ImageCorpora/ADE20K_2016_07_26/images/training/h/hotel_room/ADE_train_00009678.jpg
408,5770,,training/c/closet/ADE_train_00005770.jpg,https://jarvis.ling.uni-potsdam.de/clp-pmvss21-1/jupyter/user/alatif/view/data/ImageCorpora/ADE20K_2016_07_26/images/training/c/closet/ADE_train_00005770.jpg
409,9380,,training/h/home_office/ADE_train_00009380.jpg,https://jarvis.ling.uni-potsdam.de/clp-pmvss21-1/jupyter/user/alatif/view/data/ImageCorpora/ADE20K_2016_07_26/images/training/h/home_office/ADE_train_00009380.jpg
410,2983,,training/b/bathroom/ADE_train_00002983.jpg,https://jarvis.ling.uni-potsdam.de/clp-pmvss21-1/jupyter/user/alatif/view/data/ImageCorpora/ADE20K_2016_07_26/images/training/b/bathroom/ADE_train_00002983.jpg
